{"stats":{"minecraft:killed_by":{"minecraft:ravager":2,"minecraft:vindicator":3,"minecraft:zombie":5,"minecraft:slime":1,"minecraft:evoker":1,"minecraft:drowned":1,"minecraft:skeleton":3},"minecraft:mined":{"croptopia:pepper_crop":2,"minecraft:white_bed":4,"croptopia:grape_crop":1,"croptopia:mustard_crop":12,"minecraft:jungle_leaves":10,"biomesoplenty:maple_slab":178,"minecraft:obsidian":6,"minecraft:granite":4,"minecraft:red_sand":1266,"minecraft:acacia_log":25,"minecraft:stone_brick_wall":3,"minecraft:jungle_log":290,"minecraft:oxeye_daisy":1,"minecraft:spawner":8,"minecraft:tall_seagrass":4,"minecraft:barrel":2,"minecraft:pumpkin":3,"minecraft:deepslate_lapis_ore":19,"minecraft:enchanting_table":2,"croptopia:apple_crop":4,"minecraft:water_cauldron":1,"minecraft:dirt_path":21,"amendments:wall_lantern":24,"minecraft:sandstone_slab":6,"biomesoplenty:maple_log":379,"minecraft:cut_sandstone":9,"minecraft:red_bed":4,"minecraft:smoker":2,"farmersdelight:potato_crate":2,"minecraft:powder_snow":31,"minecraft:torch":2,"minecraft:blast_furnace":7,"minecraft:dead_bush":147,"croptopia:raspberry_crop":2,"minecraft:glass":14,"biomesoplenty:tall_white_lavender":2,"minecraft:sugar_cane":9,"minecraft:white_terracotta":1,"croptopia:zucchini_crop":2,"minecraft:jungle_wood":6,"minecraft:wheat":29,"croptopia:tomatillo_crop":3,"minecraft:magenta_bed":1,"minecraft:jukebox":1,"biomesoplenty:maple_planks":30,"minecraft:stone_brick_stairs":4,"minecraft:grass":1560,"biomesoplenty:maple_door":2,"minecraft:sandstone_wall":20,"minecraft:deepslate":92,"biomesoplenty:reed":2,"croptopia:cabbage_crop":4,"minecraft:yellow_terracotta":1,"croptopia:orange_crop":10,"farmersdelight:wild_carrots":15,"minecraft:allium":2,"minecraft:spruce_fence":3,"minecraft:jungle_planks":1,"minecraft:redstone_wire":1,"biomesoplenty:yellow_maple_leaf_pile":71,"farmersdelight:wild_onions":10,"croptopia:ginger_crop":1,"minecraft:redstone_ore":5,"croptopia:corn_crop":55,"minecraft:andesite":12,"minecraft:potatoes":5,"minecraft:vine":16,"minecraft:rail":81,"biomesoplenty:barley":21,"minecraft:smithing_table":1,"minecraft:oak_slab":7,"minecraft:potted_lily_of_the_valley":1,"croptopia:lettuce_crop":3,"minecraft:dandelion":7,"minecraft:cornflower":3,"minecraft:campfire":8,"minecraft:copper_ore":22,"minecraft:tall_grass":85,"minecraft:deepslate_gold_ore":109,"farmersdelight:wild_tomatoes":21,"minecraft:diorite":10,"croptopia:olive_crop":1,"croptopia:spinach_crop":2,"minecraft:light_blue_bed":1,"minecraft:cobblestone_wall":8,"minecraft:spruce_log":89,"minecraft:mangrove_leaves":1,"croptopia:saguaro_crop":4,"croptopia:blackberry_crop":1,"minecraft:gravel":1,"minecraft:cobweb":8,"croptopia:rutabaga_crop":2,"minecraft:brown_terracotta":74,"biomesoplenty:orange_maple_leaf_pile":84,"minecraft:polished_blackstone":4,"minecraft:stone_bricks":48,"minecraft:gold_ore":109,"minecraft:fern":354,"croptopia:cantaloupe_crop":2,"minecraft:spruce_planks":3,"minecraft:cobbled_deepslate_stairs":1,"minecraft:sculk_vein":16,"minecraft:potted_blue_orchid":1,"minecraft:spruce_trapdoor":1,"biomesoplenty:red_maple_leaves":14,"minecraft:grass_block":2455,"minecraft:sandstone_stairs":5,"minecraft:sculk_catalyst":2,"minecraft:iron_ore":260,"minecraft:anvil":1,"minecraft:pointed_dripstone":3,"biomesoplenty:yellow_maple_leaves":213,"biomesoplenty:orange_maple_leaves":95,"minecraft:spruce_slab":2,"minecraft:deepslate_redstone_ore":61,"minecraft:jungle_door":2,"minecraft:orange_terracotta":248,"minecraft:clay":7,"minecraft:poppy":8,"minecraft:chest":2,"farmersdelight:safety_net":4,"minecraft:cobblestone":17,"minecraft:grindstone":2,"minecraft:oak_planks":4,"minecraft:wall_torch":3,"minecraft:deepslate_copper_ore":5,"biomesoplenty:goldenrod":8,"minecraft:seagrass":1,"biomesoplenty:orange_maple_sapling":1,"minecraft:acacia_sapling":2,"minecraft:powered_rail":6,"minecraft:birch_log":386,"farmersdelight:cutting_board":1,"minecraft:activator_rail":18,"minecraft:tnt":3,"croptopia:chile_pepper_crop":1,"minecraft:oak_log":202,"croptopia:salt_ore":11,"minecraft:diorite_wall":2,"minecraft:sand":63,"minecraft:dirt":689,"farmersdelight:full_tatami_mat":2,"minecraft:dispenser":1,"minecraft:oak_leaves":122,"croptopia:cucumber_crop":1,"minecraft:diamond_ore":16,"minecraft:tuff":4,"travelersbackpack:lapis":7,"minecraft:deepslate_diamond_ore":69,"croptopia:kale_crop":1,"minecraft:decorated_pot":4,"minecraft:potted_azalea_bush":1,"minecraft:birch_slab":4,"minecraft:spruce_leaves":42,"minecraft:sandstone":26,"minecraft:mangrove_propagule":1,"minecraft:large_fern":7,"biomesoplenty:maple_fence_gate":11,"minecraft:hay_block":20,"minecraft:furnace":11,"minecraft:carrots":8,"minecraft:raw_gold_block":4,"biomesoplenty:toadstool":24,"minecraft:chiseled_sandstone":5,"croptopia:soybean_crop":2,"croptopia:blueberry_crop":1,"minecraft:stripped_spruce_log":1,"minecraft:bell":1,"minecraft:bookshelf":40,"minecraft:deepslate_iron_ore":82,"minecraft:lantern":37,"minecraft:stripped_oak_log":108,"minecraft:stone":429,"minecraft:redstone_wall_torch":8,"minecraft:acacia_leaves":3,"minecraft:oak_fence":16,"minecraft:crafting_table":2,"minecraft:stone_slab":2,"minecraft:deepslate_coal_ore":24,"biomesoplenty:sprout":1,"minecraft:lapis_ore":1,"minecraft:sculk":3,"minecraft:spruce_stairs":2,"minecraft:birch_planks":14,"minecraft:cactus":5,"croptopia:plum_crop":4,"biomesoplenty:red_maple_leaf_pile":8,"minecraft:polished_blackstone_stairs":1,"minecraft:redstone_torch":4,"biomesoplenty:pink_daffodil":1,"minecraft:gray_bed":1,"minecraft:bee_nest":1,"croptopia:tomato_crop":25,"croptopia:hops_crop":7,"croptopia:turmeric_crop":1,"minecraft:coal_ore":432,"minecraft:flower_pot":1,"minecraft:lodestone":1,"minecraft:cracked_stone_bricks":1,"minecraft:terracotta":2,"minecraft:mossy_stone_bricks":1,"biomesoplenty:redwood_wood":3,"minecraft:birch_fence":5},"minecraft:broken":{"magistuarmory:rustedcrusader_boots":1,"magistuarmory:knight_boots":2,"minecraft:iron_hoe":1,"minecraft:iron_axe":1,"minecraft:iron_shovel":1,"magistuarmory:sallet":3,"magistuarmory:gothic_boots":1},"minecraft:custom":{"minecraft:interact_with_crafting_table":225,"minecraft:open_barrel":120,"minecraft:bell_ring":11,"minecraft:eat_cake_slice":11,"minecraft:leave_game":44,"minecraft:time_since_death":35403,"minecraft:play_time":1409584,"minecraft:deaths":19,"minecraft:jump":19024,"minecraft:enchant_item":31,"minecraft:interact_with_furnace":174,"minecraft:play_record":3,"minecraft:traded_with_villager":133,"minecraft:interact_with_cartography_table":2,"minecraft:sleep_in_bed":38,"minecraft:damage_dealt":95310,"minecraft:interact_with_smoker":115,"minecraft:inspect_dispenser":1,"minecraft:interact_with_smithing_table":25,"minecraft:interact_with_anvil":16,"minecraft:inspect_hopper":1,"minecraft:sneak_time":14062,"minecraft:interact_with_lectern":3,"minecraft:interact_with_blast_furnace":302,"minecraft:total_world_time":1409584,"minecraft:interact_with_stonecutter":1,"minecraft:time_since_rest":35428,"minecraft:swim_one_cm":237861,"minecraft:fly_one_cm":7853216,"minecraft:open_chest":960,"minecraft:fall_one_cm":2151600,"minecraft:sprint_one_cm":2736425,"minecraft:drop":536,"minecraft:talked_to_villager":120,"minecraft:interact_with_brewingstand":1,"minecraft:walk_on_water_one_cm":150731,"minecraft:player_kills":7,"minecraft:crouch_one_cm":47417,"minecraft:mob_kills":1049,"minecraft:climb_one_cm":48921,"minecraft:walk_one_cm":2812512,"minecraft:raid_win":1,"minecraft:walk_under_water_one_cm":86213,"minecraft:interact_with_grindstone":24,"minecraft:damage_taken":24705,"minecraft:damage_absorbed":130,"minecraft:trigger_trapped_chest":2,"minecraft:minecart_one_cm":3768},"minecraft:killed":{"minecraft:cod":3,"naturalist:boar":9,"minecraft:skeleton":183,"naturalist:firefly":1,"naturalist:snake":1,"minecraft:salmon":24,"minecraft:pillager":36,"minecraft:goat":5,"minecraft:zombie":231,"minecraft:glow_squid":1,"minecraft:cow":15,"minecraft:evoker":5,"minecraft:vindicator":22,"naturalist:tortoise":2,"naturalist:vulture":3,"minecraft:husk":30,"naturalist:bear":2,"minecraft:ravager":3,"naturalist:lizard":1,"minecraft:enderman":12,"naturalist:zebra":1,"minecraft:witch":14,"minecraft:spider":117,"naturalist:snail":5,"minecraft:silverfish":10,"artifacts:mimic":4,"minecraft:pig":18,"minecraft:zombie_villager":5,"minecraft:creeper":136,"minecraft:sheep":14,"minecraft:vex":11,"minecraft:slime":13,"naturalist:bass":84,"minecraft:drowned":4,"naturalist:lizard_tail":1,"minecraft:bat":4,"minecraft:squid":8,"minecraft:player":7,"minecraft:villager":3},"minecraft:dropped":{"farmersdelight:iron_knife":1,"croptopia:rutabaga":1,"minecraft:lapis_lazuli":131,"minecraft:glass_bottle":8,"minecraft:diamond":1,"minecraft:sandstone_stairs":1,"minecraft:crossbow":2,"artifacts:cloud_in_a_bottle":1,"minecraft:saddle":1,"minecraft:rail":20,"minecraft:emerald":6,"minecraft:dirt":109,"minecraft:red_bed":1,"minecraft:birch_fence":1,"magistuarmory:rusted_bastardsword":9,"minecraft:bone_meal":1,"minecraft:sand":1,"minecraft:sugar":7,"magistuarmory:corruptedroundshield":7,"biomesoplenty:red_maple_leaves":6,"minecraft:fishing_rod":1,"minecraft:bone":73,"magistuarmory:rustedchainmail_leggings":6,"biomesoplenty:toadstool":19,"croptopia:toast":25,"minecraft:iron_nugget":9,"farmersdelight:canvas":2,"minecraft:cobbled_deepslate":24,"minecraft:birch_sapling":1,"minecraft:wheat":2267,"minecraft:rotten_flesh":158,"croptopia:chile_pepper":1,"minecraft:oak_planks":4,"croptopia:greenbean_seed":1,"minecraft:glowstone_dust":1,"minecraft:salmon":1,"minecraft:jungle_log":1,"magistuarmory:steel_zweihander":1,"minecraft:acacia_sapling":18,"biomesoplenty:orange_maple_leaves":3,"minecraft:leather_leggings":3,"minecraft:beef":4,"minecraft:campfire":1,"croptopia:barley":1,"minecraft:iron_ingot":32,"naturalist:boar_spawn_egg":6,"minecraft:wheat_seeds":510,"farmersdelight:full_tatami_mat":2,"minecraft:cobblestone":66,"minecraft:yellow_terracotta":1,"minecraft:oak_fence":3,"minecraft:iron_helmet":1,"minecraft:feather":5,"minecraft:book":1,"minecraft:granite":4,"minecraft:coal":94,"magistuarmory:rustedcrusader_boots":6,"minecraft:cobweb":4,"minecraft:gray_wool":1,"biomesoplenty:goldenrod":8,"minecraft:ink_sac":5,"croptopia:tomato":64,"minecraft:brown_terracotta":123,"croptopia:cauliflower_seed":1,"minecraft:white_banner":4,"magistuarmory:rustedbarbute":1,"minecraft:string":40,"croptopia:cooked_calamari":8,"minecraft:acacia_planks":43,"minecraft:furnace":2,"minecraft:cobblestone_wall":11,"minecraft:bowl":7,"minecraft:deepslate":14,"biomesoplenty:redwood_planks":8,"minecraft:clay_ball":1,"minecraft:iron_boots":3,"croptopia:corn_seed":1,"farmersdelight:straw":7,"minecraft:stone_slab":5,"magistuarmory:rusted_heavymace":5,"magistuarmory:steel_nugget":2,"minecraft:white_terracotta":1,"minecraft:pumpkin_seeds":2,"minecraft:lily_of_the_valley":1,"minecraft:stone":9,"minecraft:flower_pot":2,"minecraft:allium":6,"minecraft:diamond_pickaxe":3,"minecraft:spider_eye":22,"minecraft:barrel":4,"minecraft:stone_bricks":1,"minecraft:sandstone":13,"croptopia:tomatillo_seed":3,"minecraft:red_sand":177,"minecraft:bow":7,"artifacts:snowshoes":1,"minecraft:terracotta":37,"minecraft:spruce_sign":1,"minecraft:birch_planks":1,"biomesoplenty:pink_daffodil":1,"croptopia:cucumber":1,"croptopia:elderberry_seed":1,"magistuarmory:rustedcrusader_chestplate":5,"minecraft:sandstone_slab":6,"croptopia:cauliflower":1,"minecraft:leather":21,"minecraft:jungle_planks":1,"magistuarmory:rustednorman_helmet":1,"biomesoplenty:orange_maple_sapling":1,"croptopia:chile_pepper_seed":2,"minecraft:cobblestone_stairs":1,"croptopia:apricot":1,"minecraft:cod":2,"minecraft:spruce_leaves":16,"croptopia:tomato_seed":40,"artifacts:novelty_drinking_hat":7,"croptopia:pepper":2,"biomesoplenty:maple_planks":80,"minecraft:gold_ingot":23,"biomesoplenty:maple_slab":7,"croptopia:tomatillo":1,"minecraft:pointed_dripstone":3,"minecraft:carrot":1220,"minecraft:chainmail_chestplate":1,"minecraft:leather_chestplate":1,"minecraft:gunpowder":2,"magistuarmory:rustedchainmail_chestplate":1,"minecraft:arrow":33,"magistuarmory:rustedchainmail_boots":6,"minecraft:oak_leaves":3,"minecraft:water_bucket":1,"minecraft:stone_hoe":1,"minecraft:oak_slab":8,"croptopia:lettuce_seed":2,"biomesoplenty:maple_door":3,"minecraft:deepslate_iron_ore":1,"biomesoplenty:redwood_wood":1,"croptopia:kale":1,"minecraft:activator_rail":11,"minecraft:copper_ingot":55,"minecraft:grass_block":2,"minecraft:stick":85,"minecraft:magenta_bed":1,"croptopia:kale_seed":2,"croptopia:knife":1,"minecraft:diorite":61,"minecraft:torch":25,"minecraft:sculk_catalyst":1,"croptopia:lettuce":8,"minecraft:iron_leggings":1,"minecraft:jungle_leaves":4,"minecraft:iron_axe":1,"minecraft:cactus":7,"croptopia:popcorn":9,"minecraft:music_disc_cat":1,"minecraft:redstone":22,"minecraft:raw_copper":46,"minecraft:light_gray_terracotta":9,"croptopia:ginger":1,"minecraft:iron_hoe":1,"minecraft:stripped_oak_log":5,"minecraft:diamond_chestplate":1,"magistuarmory:rustedchainmail_helmet":1,"minecraft:orange_terracotta":667,"minecraft:iron_chestplate":2,"minecraft:andesite":38,"minecraft:oak_sapling":11,"croptopia:roe":2,"biomesoplenty:yellow_maple_leaves":29,"minecraft:slime_ball":1},"minecraft:used":{"minecraft:chest":29,"minecraft:rotten_flesh":15,"biomesoplenty:yellow_maple_sapling":5,"naturalist:cooked_bass":60,"minecraft:lava_bucket":1,"croptopia:rutabaga_seed":1,"minecraft:villager_spawn_egg":2,"minecraft:grass_block":1229,"minecraft:stone_brick_stairs":8,"croptopia:peach":1,"minecraft:bow":13,"magistuarmory:rusted_bastardsword":12,"minecraft:furnace":11,"minecraft:potato":6,"magistuarmory:rustedchainmail_leggings":1,"minecraft:diorite":3,"croptopia:tomato":16,"minecraft:powered_rail":145,"artifacts:eternal_steak":151,"minecraft:composter":5,"magistuarmory:sallet":6,"minecraft:golden_apple":5,"minecraft:sand":18,"magistuarmory:knight_leggings":3,"croptopia:fish_and_chips":4,"minecraft:blast_furnace":4,"croptopia:orange":13,"minecraft:birch_fence":1,"croptopia:plum":4,"minecraft:chiseled_sandstone":1,"minecraft:birch_slab":4,"minecraft:deepslate_iron_ore":12,"biomesoplenty:maple_fence_gate":81,"croptopia:tomatillo":1,"minecraft:diamond_ore":6,"magistuarmory:gothic_boots":3,"minecraft:smithing_table":1,"minecraft:birch_log":105,"biomesoplenty:maple_stairs":8,"minecraft:oak_trapdoor":1,"minecraft:enchanting_table":3,"croptopia:popcorn":6,"minecraft:sandstone_wall":18,"minecraft:torch":34,"minecraft:anvil":3,"farmersdelight:flint_knife":434,"minecraft:chainmail_chestplate":3,"minecraft:oak_fence_gate":1,"minecraft:iron_axe":288,"minecraft:goat_horn":2,"travelersbackpack:hose":5,"croptopia:cooked_calamari":2,"magistuarmory:rustedcrusader_boots":4,"minecraft:orange_terracotta":161,"croptopia:raspberry_seed":2,"farmersdelight:potato_crate":2,"minecraft:pointed_dripstone":2,"naturalist:bass":4,"minecraft:wheat_seeds":33,"farmersdelight:iron_knife":178,"minecraft:water_bucket":24,"farmersdelight:milk_bottle":32,"minecraft:fletching_table":2,"minecraft:gold_ore":11,"farmersdelight:canvas_sign":1,"minecraft:rail":400,"justhammers:diamond_hammer":737,"minecraft:crafting_table":6,"minecraft:oak_slab":16,"minecraft:red_bed":3,"croptopia:soybean_seed":1,"minecraft:white_bed":26,"minecraft:campfire":16,"minecraft:spruce_log":1,"magistuarmory:gothic_chestplate":4,"minecraft:oak_log":5,"minecraft:diamond_pickaxe":2534,"minecraft:cornflower":3,"minecraft:diamond_shovel":4135,"minecraft:iron_pickaxe":1,"minecraft:spruce_trapdoor":1,"minecraft:spruce_sapling":12,"croptopia:cauliflower":1,"travelersbackpack:standard":1,"minecraft:cobblestone":25,"biomesoplenty:maple_slab":480,"minecraft:cooked_porkchop":6,"naturalist:cooked_lizard_tail":1,"naturalist:boar_spawn_egg":1,"croptopia:greenbean":1,"minecraft:jukebox":1,"minecraft:candle":2,"magistuarmory:rusted_heavymace":3,"minecraft:red_sand":413,"minecraft:iron_shovel":446,"travelersbackpack:lapis":3,"croptopia:mustard_seed":8,"minecraft:diamond_hoe":894,"minecraft:bell":2,"croptopia:cabbage_seed":3,"croptopia:zucchini":1,"naturalist:cooked_venison":1,"minecraft:jungle_planks":17,"minecraft:carrot":61,"biomesoplenty:orange_maple_sapling":2,"minecraft:glass":139,"minecraft:coal_ore":26,"minecraft:lantern":114,"croptopia:pepper_seed":6,"farmersdelight:raw_pasta":1,"minecraft:stone_bricks":150,"minecraft:deepslate_diamond_ore":24,"farmersdelight:cutting_board":2,"farmersdelight:safety_net":4,"farmersdelight:full_tatami_mat":2,"croptopia:lettuce_seed":18,"biomesoplenty:maple_planks":92,"minecraft:oak_planks":67,"biomesoplenty:maple_log":120,"minecraft:ender_pearl":3,"minecraft:sugar_cane":3,"minecraft:sandstone":7,"minecraft:chainmail_helmet":2,"minecraft:diamond_axe":1723,"naturalist:snail_bucket":2,"croptopia:olive_seed":2,"minecraft:deepslate_redstone_ore":21,"minecraft:crossbow":5,"minecraft:stone_brick_wall":24,"minecraft:redstone_torch":39,"minecraft:string":1,"minecraft:bread":12,"minecraft:deepslate":4,"croptopia:hops_seed":6,"minecraft:gravel":1,"biomesoplenty:red_maple_sapling":15,"croptopia:toast":34,"minecraft:grindstone":2,"minecraft:bone_meal":270,"minecraft:cobweb":7,"croptopia:corn":4,"minecraft:oak_fence":57,"minecraft:deepslate_gold_ore":37,"minecraft:stone_hoe":46,"croptopia:saguaro_seed":1,"minecraft:dirt":1198,"magistuarmory:halfarmor_chestplate":1,"minecraft:cobblestone_wall":2,"minecraft:iron_hoe":842,"minecraft:brown_terracotta":172,"minecraft:bookshelf":44,"magistuarmory:steel_zweihander":477,"minecraft:minecart":10,"farmersdelight:cooked_mutton_chops":3,"minecraft:pumpkin":3,"farmersdelight:fried_egg":1,"minecraft:beetroot_soup":7,"croptopia:zucchini_seed":1,"minecraft:baked_potato":8,"croptopia:corn_seed":98,"magistuarmory:knight_boots":3,"minecraft:terracotta":2,"minecraft:music_disc_cat":3,"magistuarmory:diamond_zweihander":540,"biomesoplenty:maple_door":2,"minecraft:smoker":2,"croptopia:squash_seed":1,"minecraft:activator_rail":21,"minecraft:apple":10,"minecraft:command_block":1,"croptopia:tomato_seed":80,"minecraft:white_banner":2,"minecraft:bucket":20,"minecraft:sea_pickle":1,"minecraft:sculk_catalyst":1},"minecraft:picked_up":{"minecraft:iron_chestplate":1,"minecraft:flower_pot":2,"minecraft:anvil":1,"croptopia:grape_seed":2,"croptopia:tomatillo_seed":4,"minecraft:smithing_table":1,"minecraft:stone_slab":4,"biomesoplenty:red_maple_sapling":22,"minecraft:enchanted_book":1,"croptopia:calamari":8,"croptopia:cabbage_seed":10,"farmersdelight:cutting_board":1,"minecraft:music_disc_cat":3,"minecraft:string":99,"biomesoplenty:maple_door":5,"minecraft:cobbled_deepslate":68,"magistuarmory:sallet":1,"croptopia:blueberry":2,"croptopia:mustard_seed":25,"biomesoplenty:redwood_wood":3,"minecraft:diamond_ore":7,"farmersdelight:potato_crate":3,"croptopia:cucumber":1,"minecraft:jukebox":1,"minecraft:acacia_log":25,"minecraft:sandstone_wall":19,"magistuarmory:rusted_heavymace":9,"biomesoplenty:orange_maple_sapling":23,"magistuarmory:rustedcrusader_chestplate":6,"farmersdelight:canvas":2,"farmersdelight:onion":9,"croptopia:raspberry_seed":6,"minecraft:bookshelf":22,"minecraft:white_terracotta":8,"croptopia:elderberry":2,"minecraft:birch_log":372,"croptopia:lettuce_seed":18,"minecraft:feather":5,"magistuarmory:rustedchainmail_boots":7,"minecraft:birch_slab":4,"minecraft:water_bucket":1,"minecraft:jungle_log":288,"magistuarmory:diamond_zweihander":1,"minecraft:jungle_wood":4,"biomesoplenty:orange_maple_leaves":9,"farmersdelight:safety_net":4,"minecraft:smoker":2,"farmersdelight:bacon":24,"minecraft:magenta_bed":1,"croptopia:celery":1,"minecraft:lantern":69,"farmersdelight:mutton_chops":12,"croptopia:bellpepper":3,"minecraft:glowstone_dust":1,"croptopia:roe":24,"croptopia:plum":4,"croptopia:turmeric":1,"croptopia:celery_seed":1,"minecraft:stripped_spruce_log":96,"minecraft:ink_sac":15,"minecraft:barrel":4,"minecraft:trapped_chest":1,"croptopia:spinach_seed":4,"croptopia:chile_pepper":2,"minecraft:deepslate":30,"croptopia:radish_seed":1,"magistuarmory:leather_strip":5,"minecraft:deepslate_gold_ore":37,"minecraft:granite":7,"minecraft:diamond_pickaxe":6,"minecraft:spruce_leaves":16,"minecraft:crafting_table":3,"minecraft:bee_nest":1,"minecraft:sandstone_slab":6,"minecraft:clay_ball":29,"minecraft:leather_leggings":2,"minecraft:cornflower":3,"croptopia:saguaro_seed":7,"minecraft:red_bed":4,"minecraft:acacia_door":2,"artifacts:power_glove":10,"biomesoplenty:maple_planks":110,"croptopia:soybean":4,"minecraft:deepslate_diamond_ore":24,"travelersbackpack:lapis":8,"minecraft:beef":39,"croptopia:pepper_seed":6,"minecraft:iron_nugget":14,"minecraft:poppy":7,"minecraft:minecart":8,"minecraft:chest":2,"minecraft:birch_sapling":1,"minecraft:diamond_hoe":1,"minecraft:egg":1,"minecraft:sandstone":59,"minecraft:stone":267,"croptopia:corn_seed":83,"magistuarmory:gothic_boots":1,"minecraft:raw_gold_block":4,"magistuarmory:rustedbarbute":1,"minecraft:spruce_fence":3,"farmersdelight:tomato_seeds":19,"minecraft:carrot":1007,"minecraft:redstone":148,"artifacts:everlasting_beef":1,"minecraft:cooked_cod":7,"artifacts:snowshoes":1,"minecraft:hay_block":19,"magistuarmory:steel_zweihander":1,"minecraft:sandstone_stairs":1,"minecraft:yellow_terracotta":10,"minecraft:totem_of_undying":4,"croptopia:pepper":8,"minecraft:mutton":36,"minecraft:white_wool":8,"minecraft:rail":93,"minecraft:stripped_oak_log":232,"magistuarmory:rustedhalfarmor_chestplate":3,"croptopia:glowing_calamari":4,"minecraft:oak_log":214,"minecraft:lily_pad":1,"farmersdelight:salmon_slice":26,"farmersdelight:flint_knife":2,"minecraft:paper":6,"minecraft:white_banner":11,"croptopia:olive":29,"minecraft:apple":15,"croptopia:barley":1,"minecraft:stone_bricks":144,"croptopia:squash":1,"biomesoplenty:maple_log":376,"minecraft:cobweb":4,"croptopia:tomato":181,"minecraft:glass_bottle":9,"croptopia:elderberry_seed":3,"croptopia:peanut_seed":1,"croptopia:peanut":1,"minecraft:gravel":1,"magistuarmory:rustednorman_helmet":2,"croptopia:rutabaga_seed":6,"minecraft:spruce_sapling":12,"minecraft:spruce_log":87,"magistuarmory:rustedchainmail_leggings":14,"justhammers:diamond_hammer":1,"minecraft:diamond_shovel":1,"croptopia:saguaro":3,"minecraft:coal_ore":26,"minecraft:slime_ball":20,"biomesoplenty:yellow_maple_sapling":69,"croptopia:orange":7,"minecraft:diamond_axe":2,"minecraft:deepslate_redstone_ore":21,"minecraft:gray_wool":1,"biomesoplenty:maple_slab":180,"minecraft:lodestone":1,"minecraft:ender_pearl":15,"minecraft:wheat":723,"croptopia:zucchini":6,"croptopia:kale":2,"minecraft:stone_brick_stairs":4,"croptopia:cantaloupe":1,"croptopia:lettuce":38,"minecraft:raw_copper":208,"minecraft:iron_leggings":1,"minecraft:armor_stand":4,"universal_graves:grave_compass":2,"minecraft:sea_pickle":1,"biomesoplenty:maple_fence_gate":11,"minecraft:activator_rail":29,"minecraft:red_sand":1280,"minecraft:tnt_minecart":1,"minecraft:smooth_stone":10,"minecraft:redstone_torch":11,"minecraft:deepslate_iron_ore":13,"minecraft:iron_boots":1,"minecraft:furnace":20,"minecraft:stick":375,"minecraft:jungle_door":2,"minecraft:brown_terracotta":572,"minecraft:oak_fence":15,"croptopia:rutabaga":7,"minecraft:torch":61,"croptopia:blackberry_seed":4,"minecraft:porkchop":60,"croptopia:olive_seed":21,"croptopia:ginger_seed":2,"minecraft:pointed_dripstone":5,"minecraft:diorite":70,"minecraft:cactus":18,"minecraft:rotten_flesh":347,"croptopia:squash_seed":2,"farmersdelight:tree_bark":378,"artifacts:panic_necklace":4,"farmersdelight:raw_pasta":3,"minecraft:obsidian":6,"minecraft:cod":3,"croptopia:cabbage":9,"minecraft:cobblestone":1349,"croptopia:cauliflower":4,"minecraft:enchanting_table":2,"minecraft:leather_chestplate":2,"croptopia:radish":1,"minecraft:andesite":100,"minecraft:potato":48,"croptopia:spinach":2,"magistuarmory:hilt":1,"artifacts:flame_pendant":7,"croptopia:cooked_calamari":8,"naturalist:lizard_tail":1,"croptopia:blueberry_seed":2,"minecraft:lapis_lazuli":264,"minecraft:dirt":886,"minecraft:name_tag":1,"minecraft:glass":14,"minecraft:bone":238,"croptopia:corn":58,"minecraft:acacia_planks":42,"minecraft:bow":10,"minecraft:wheat_seeds":817,"minecraft:raw_gold":237,"minecraft:bell":1,"minecraft:grindstone":2,"minecraft:powered_rail":35,"croptopia:kale_seed":4,"minecraft:oak_planks":53,"biomesoplenty:toadstool":24,"croptopia:chile_pepper_seed":4,"minecraft:diorite_wall":2,"croptopia:mustard":26,"croptopia:ginger":1,"croptopia:blackberry":1,"minecraft:sand":62,"minecraft:jungle_planks":50,"minecraft:grass_block":1662,"minecraft:lily_of_the_valley":1,"magistuarmory:rustedgreathelm":1,"minecraft:chiseled_sandstone":3,"minecraft:jungle_leaves":4,"minecraft:light_gray_terracotta":13,"croptopia:hops_seed":14,"minecraft:sugar":12,"minecraft:diamond":95,"magistuarmory:corruptedroundshield":8,"minecraft:crossbow":4,"minecraft:bone_meal":15,"minecraft:spruce_sign":1,"minecraft:emerald":45,"biomesoplenty:pink_daffodil":1,"minecraft:oak_sapling":22,"croptopia:zucchini_seed":5,"minecraft:oak_leaves":6,"minecraft:fishing_rod":1,"minecraft:charcoal":19,"minecraft:allium":6,"croptopia:peach":1,"minecraft:stone_brick_wall":3,"minecraft:iron_axe":2,"minecraft:birch_fence":3,"croptopia:pear":2,"minecraft:candle":2,"croptopia:tomatillo":4,"croptopia:tomato_seed":138,"farmersdelight:straw":157,"magistuarmory:knight_leggings":1,"minecraft:light_gray_wool":1,"minecraft:sugar_cane":25,"minecraft:spruce_trapdoor":1,"minecraft:raw_iron":388,"croptopia:greenbean_seed":1,"croptopia:soybean_seed":3,"minecraft:copper_ingot":25,"biomesoplenty:yellow_maple_leaves":37,"croptopia:knife":1,"croptopia:grape":3,"minecraft:arrow":277,"croptopia:cantaloupe_seed":3,"minecraft:pumpkin_pie":2,"croptopia:sea_lettuce":2,"minecraft:saddle":2,"croptopia:salt":38,"artifacts:eternal_steak":1,"artifacts:novelty_drinking_hat":19,"minecraft:glow_ink_sac":1,"minecraft:salmon":23,"minecraft:cut_sandstone":2,"biomesoplenty:goldenrod":8,"minecraft:leather":48,"minecraft:birch_planks":8,"minecraft:gunpowder":145,"minecraft:cobblestone_wall":7,"artifacts:cloud_in_a_bottle":11,"minecraft:cobblestone_stairs":1,"minecraft:orange_terracotta":1270,"naturalist:bass":76,"minecraft:iron_ingot":37,"croptopia:raspberry":7,"artifacts:kitty_slippers":12,"minecraft:acacia_sapling":24,"farmersdelight:full_tatami_mat":4,"minecraft:book":61,"minecraft:sculk_catalyst":2,"minecraft:oak_slab":11,"minecraft:pumpkin":3,"croptopia:cauliflower_seed":2,"magistuarmory:rustedchainmail_chestplate":1,"croptopia:apricot":1,"croptopia:hops":13,"minecraft:dripstone_block":2,"croptopia:cucumber_seed":1,"biomesoplenty:red_maple_leaves":8,"croptopia:turmeric_seed":2,"minecraft:blast_furnace":7,"minecraft:white_bed":4,"minecraft:gold_ore":11,"magistuarmory:gothic_chestplate":1,"minecraft:spider_eye":58,"minecraft:stripped_jungle_log":128,"minecraft:pumpkin_seeds":2,"magistuarmory:rustedchainmail_helmet":2,"minecraft:campfire":7,"magistuarmory:rusted_bastardsword":13,"magistuarmory:rustedcrusader_boots":10,"minecraft:iron_helmet":1,"croptopia:greenbean":1,"minecraft:terracotta":41,"minecraft:coal":1181,"magistuarmory:steel_nugget":1},"minecraft:crafted":{"biomesoplenty:maple_slab":364,"minecraft:smooth_stone":10,"croptopia:toast":59,"croptopia:raspberry_seed":1,"farmersdelight:rope":40,"minecraft:bookshelf":23,"naturalist:cooked_bass":71,"minecraft:glass":353,"magistuarmory:sallet":2,"minecraft:emerald":129,"minecraft:cooked_porkchop":10,"farmersdelight:iron_knife":1,"croptopia:corn_seed":39,"minecraft:smithing_table":1,"minecraft:copper_ingot":207,"minecraft:hay_block":1,"minecraft:campfire":10,"farmersdelight:wheat_dough":3,"farmersdelight:full_tatami_mat":2,"minecraft:stone_brick_stairs":4,"minecraft:stone_slab":6,"minecraft:iron_block":8,"minecraft:gold_ingot":386,"croptopia:knife":1,"farmersdelight:canvas_sign":18,"minecraft:iron_nugget":318,"minecraft:diamond_hoe":1,"biomesoplenty:maple_fence_gate":70,"minecraft:bone_meal":342,"travelersbackpack:blank_upgrade":4,"croptopia:bacon":38,"travelersbackpack:gold_tier_upgrade":1,"minecraft:lantern":39,"farmersdelight:carrot_crate":7,"farmersdelight:straw":54,"minecraft:redstone_block":14,"magistuarmory:steel_plate":34,"croptopia:frying_pan":1,"minecraft:wheat":99,"farmersdelight:cooked_mutton_chops":12,"minecraft:enchanting_table":1,"biomesoplenty:redwood_planks":8,"biomesoplenty:maple_stairs":8,"minecraft:enchanted_book":4,"magistuarmory:gothic_boots":1,"minecraft:oak_fence_gate":1,"minecraft:golden_apple":1,"minecraft:iron_shovel":1,"minecraft:white_bed":1,"croptopia:olive_seed":2,"minecraft:grindstone":1,"minecraft:oak_planks":566,"farmersdelight:canvas":16,"minecraft:stone":370,"croptopia:popcorn":15,"naturalist:cooked_lizard_tail":1,"magistuarmory:diamond_zweihander":1,"farmersdelight:safety_net":2,"minecraft:bow":1,"minecraft:raw_copper":36,"justhammers:diamond_hammer":1,"croptopia:flour":19,"minecraft:chest":28,"minecraft:rail":320,"minecraft:stone_bricks":396,"minecraft:oak_fence":45,"magistuarmory:steel_nugget":18,"minecraft:oak_slab":18,"travelersbackpack:iron_tier_upgrade":1,"magistuarmory:diamond_shortsword":1,"minecraft:crafting_table":4,"minecraft:baked_potato":8,"minecraft:gold_block":7,"minecraft:birch_planks":764,"farmersdelight:tatami":2,"magistuarmory:halfarmor_chestplate":1,"farmersdelight:cutting_board":1,"farmersdelight:fried_egg":1,"minecraft:paper":91,"minecraft:diamond_pickaxe":1,"minecraft:charcoal":50,"croptopia:molasses":6,"minecraft:stick":2547,"minecraft:iron_ingot":453,"minecraft:redstone_torch":10,"croptopia:fish_and_chips":4,"magistuarmory:leather_strip":6,"artifacts:eternal_steak":1,"croptopia:apple_sapling":2,"croptopia:hops_seed":5,"minecraft:redstone":9,"minecraft:stone_brick_wall":36,"farmersdelight:potato_crate":5,"magistuarmory:knight_boots":1,"biomesoplenty:maple_planks":632,"minecraft:furnace":8,"croptopia:saguaro_seed":1,"minecraft:oak_trapdoor":2,"magistuarmory:hilt":6,"magistuarmory:knight_leggings":2,"minecraft:iron_axe":1,"magistuarmory:steel_ingot":68,"minecraft:iron_hoe":3,"minecraft:cobblestone_wall":6,"croptopia:cooked_calamari":12,"magistuarmory:barbute":2,"travelersbackpack:diamond_tier_upgrade":1,"magistuarmory:gothic_chestplate":1,"travelersbackpack:backpack_tank":2,"croptopia:squash_seed":1,"minecraft:bucket":3,"minecraft:air":0,"minecraft:bread":33,"minecraft:jungle_planks":1164,"minecraft:white_wool":1,"croptopia:tomato_seed":36,"minecraft:raw_gold":36,"croptopia:lettuce_seed":6,"minecraft:anvil":2,"minecraft:acacia_planks":72,"minecraft:torch":56,"minecraft:carrot":63,"farmersdelight:straw_bale":6,"biomesoplenty:maple_door":3}},"DataVersion":3465}