{"stats":{"minecraft:crafted":{"minecraft:smooth_stone":10,"croptopia:toast":59,"croptopia:raspberry_seed":1,"farmersdelight:rope":40,"minecraft:bookshelf":23,"naturalist:cooked_bass":71,"minecraft:glass":64,"magistuarmory:sallet":2,"minecraft:emerald":39,"minecraft:cooked_porkchop":10,"croptopia:corn_seed":39,"minecraft:smithing_table":1,"minecraft:copper_ingot":207,"farmersdelight:wheat_dough":3,"farmersdelight:full_tatami_mat":2,"minecraft:stone_slab":6,"minecraft:iron_block":1,"minecraft:gold_ingot":386,"farmersdelight:canvas_sign":18,"minecraft:iron_nugget":7,"minecraft:bone_meal":114,"travelersbackpack:blank_upgrade":4,"travelersbackpack:gold_tier_upgrade":1,"farmersdelight:carrot_crate":7,"farmersdelight:straw":54,"minecraft:redstone_block":14,"magistuarmory:steel_plate":30,"croptopia:frying_pan":1,"minecraft:enchanting_table":1,"minecraft:enchanted_book":1,"magistuarmory:gothic_boots":1,"minecraft:golden_apple":1,"minecraft:iron_shovel":1,"minecraft:white_bed":1,"minecraft:grindstone":1,"minecraft:oak_planks":418,"farmersdelight:canvas":16,"minecraft:stone":17,"croptopia:popcorn":15,"magistuarmory:diamond_zweihander":1,"farmersdelight:safety_net":2,"minecraft:bow":1,"minecraft:raw_copper":36,"justhammers:diamond_hammer":1,"croptopia:flour":19,"minecraft:chest":8,"minecraft:stone_bricks":4,"minecraft:oak_fence":45,"magistuarmory:steel_nugget":14,"minecraft:oak_slab":12,"travelersbackpack:iron_tier_upgrade":1,"magistuarmory:diamond_shortsword":1,"minecraft:crafting_table":1,"minecraft:baked_potato":8,"minecraft:gold_block":7,"farmersdelight:tatami":2,"magistuarmory:halfarmor_chestplate":1,"farmersdelight:cutting_board":1,"minecraft:charcoal":50,"minecraft:diamond_pickaxe":1,"croptopia:molasses":6,"minecraft:stick":1543,"minecraft:iron_ingot":418,"croptopia:fish_and_chips":4,"magistuarmory:leather_strip":6,"artifacts:eternal_steak":1,"croptopia:apple_sapling":2,"croptopia:hops_seed":5,"farmersdelight:potato_crate":4,"magistuarmory:knight_boots":1,"croptopia:saguaro_seed":1,"magistuarmory:hilt":6,"magistuarmory:knight_leggings":2,"minecraft:iron_axe":1,"magistuarmory:steel_ingot":68,"minecraft:iron_hoe":3,"minecraft:cobblestone_wall":6,"croptopia:cooked_calamari":12,"magistuarmory:barbute":2,"travelersbackpack:diamond_tier_upgrade":1,"travelersbackpack:backpack_tank":2,"minecraft:bucket":2,"minecraft:air":0,"minecraft:bread":33,"minecraft:jungle_planks":892,"minecraft:white_wool":1,"croptopia:tomato_seed":36,"minecraft:raw_gold":36,"croptopia:lettuce_seed":6,"minecraft:acacia_planks":72,"minecraft:torch":16,"farmersdelight:straw_bale":6},"minecraft:mined":{"croptopia:pepper_crop":2,"minecraft:white_bed":1,"croptopia:mustard_crop":12,"minecraft:jungle_leaves":6,"minecraft:obsidian":6,"minecraft:granite":4,"minecraft:red_sand":934,"minecraft:acacia_log":18,"minecraft:stone_brick_wall":1,"minecraft:jungle_log":290,"minecraft:oxeye_daisy":1,"minecraft:spawner":8,"minecraft:tall_seagrass":3,"minecraft:barrel":1,"minecraft:deepslate_lapis_ore":19,"minecraft:enchanting_table":1,"croptopia:apple_crop":4,"minecraft:water_cauldron":1,"minecraft:dirt_path":21,"amendments:wall_lantern":13,"minecraft:sandstone_slab":6,"minecraft:cut_sandstone":9,"minecraft:red_bed":3,"minecraft:smoker":1,"farmersdelight:potato_crate":1,"minecraft:torch":1,"minecraft:blast_furnace":4,"minecraft:dead_bush":128,"croptopia:raspberry_crop":1,"minecraft:sugar_cane":9,"minecraft:white_terracotta":1,"croptopia:zucchini_crop":2,"minecraft:wheat":29,"croptopia:tomatillo_crop":1,"minecraft:magenta_bed":1,"minecraft:jukebox":1,"minecraft:grass":744,"minecraft:sandstone_wall":1,"minecraft:deepslate":92,"croptopia:cabbage_crop":4,"minecraft:yellow_terracotta":1,"croptopia:orange_crop":10,"minecraft:allium":2,"minecraft:spruce_fence":3,"minecraft:redstone_wire":1,"farmersdelight:wild_onions":10,"minecraft:redstone_ore":5,"croptopia:ginger_crop":1,"croptopia:corn_crop":55,"minecraft:andesite":12,"minecraft:potatoes":5,"minecraft:vine":14,"minecraft:rail":21,"minecraft:oak_slab":6,"croptopia:lettuce_crop":3,"minecraft:dandelion":4,"minecraft:cornflower":3,"minecraft:campfire":6,"minecraft:tall_grass":84,"minecraft:copper_ore":22,"minecraft:deepslate_gold_ore":109,"farmersdelight:wild_tomatoes":21,"minecraft:diorite":8,"croptopia:olive_crop":1,"croptopia:spinach_crop":1,"minecraft:cobblestone_wall":8,"minecraft:mangrove_leaves":1,"croptopia:saguaro_crop":4,"croptopia:rutabaga_crop":2,"minecraft:cobweb":8,"minecraft:brown_terracotta":74,"minecraft:polished_blackstone":4,"minecraft:stone_bricks":1,"minecraft:gold_ore":109,"minecraft:fern":1,"croptopia:cantaloupe_crop":2,"minecraft:spruce_planks":3,"minecraft:cobbled_deepslate_stairs":1,"minecraft:sculk_vein":16,"minecraft:potted_blue_orchid":1,"minecraft:grass_block":229,"minecraft:sandstone_stairs":5,"minecraft:sculk_catalyst":2,"minecraft:iron_ore":243,"minecraft:anvil":1,"minecraft:pointed_dripstone":3,"minecraft:spruce_slab":2,"minecraft:deepslate_redstone_ore":61,"minecraft:orange_terracotta":231,"minecraft:clay":7,"minecraft:poppy":1,"minecraft:chest":2,"farmersdelight:safety_net":4,"minecraft:cobblestone":17,"minecraft:oak_planks":4,"minecraft:wall_torch":3,"minecraft:deepslate_copper_ore":5,"minecraft:acacia_sapling":2,"minecraft:tnt":3,"croptopia:chile_pepper_crop":1,"minecraft:oak_log":180,"croptopia:salt_ore":11,"minecraft:sand":7,"minecraft:dirt":33,"farmersdelight:full_tatami_mat":2,"minecraft:dispenser":1,"minecraft:oak_leaves":110,"croptopia:cucumber_crop":1,"minecraft:diamond_ore":16,"minecraft:tuff":4,"travelersbackpack:lapis":7,"minecraft:deepslate_diamond_ore":69,"croptopia:kale_crop":1,"minecraft:decorated_pot":4,"minecraft:potted_azalea_bush":1,"minecraft:spruce_leaves":24,"minecraft:mangrove_propagule":1,"minecraft:sandstone":18,"minecraft:hay_block":8,"minecraft:furnace":1,"minecraft:carrots":8,"minecraft:raw_gold_block":4,"minecraft:chiseled_sandstone":4,"croptopia:soybean_crop":2,"minecraft:bell":1,"minecraft:bookshelf":18,"minecraft:deepslate_iron_ore":82,"minecraft:lantern":17,"minecraft:stripped_oak_log":108,"minecraft:stone":365,"minecraft:redstone_wall_torch":1,"minecraft:acacia_leaves":3,"minecraft:oak_fence":16,"minecraft:crafting_table":1,"minecraft:stone_slab":2,"minecraft:deepslate_coal_ore":24,"minecraft:lapis_ore":1,"minecraft:sculk":3,"minecraft:spruce_stairs":2,"minecraft:birch_planks":7,"minecraft:cactus":4,"croptopia:plum_crop":4,"minecraft:polished_blackstone_stairs":1,"minecraft:gray_bed":1,"croptopia:tomato_crop":23,"croptopia:hops_crop":7,"croptopia:turmeric_crop":1,"minecraft:coal_ore":262,"minecraft:flower_pot":1,"minecraft:lodestone":1,"minecraft:cracked_stone_bricks":1,"minecraft:terracotta":2,"minecraft:mossy_stone_bricks":1,"minecraft:birch_fence":3},"minecraft:killed_by":{"minecraft:zombie":4,"minecraft:slime":1,"minecraft:drowned":1,"minecraft:skeleton":3},"minecraft:killed":{"naturalist:boar":5,"minecraft:skeleton":132,"naturalist:firefly":1,"minecraft:salmon":18,"minecraft:pillager":12,"minecraft:zombie":129,"minecraft:glow_squid":1,"minecraft:cow":2,"naturalist:tortoise":1,"naturalist:vulture":1,"minecraft:husk":22,"naturalist:bear":1,"minecraft:enderman":5,"minecraft:witch":4,"minecraft:spider":68,"naturalist:snail":3,"minecraft:silverfish":10,"artifacts:mimic":4,"minecraft:pig":4,"minecraft:zombie_villager":1,"minecraft:creeper":86,"minecraft:slime":13,"naturalist:bass":80,"minecraft:drowned":4,"minecraft:bat":4,"minecraft:squid":8,"minecraft:player":6},"minecraft:broken":{"magistuarmory:knight_boots":2,"minecraft:iron_hoe":1,"minecraft:iron_axe":1,"minecraft:iron_shovel":1,"magistuarmory:sallet":2},"minecraft:used":{"minecraft:chest":8,"minecraft:rotten_flesh":15,"naturalist:cooked_bass":34,"minecraft:lava_bucket":1,"croptopia:rutabaga_seed":1,"minecraft:grass_block":6,"minecraft:bow":13,"minecraft:furnace":2,"magistuarmory:rusted_bastardsword":12,"minecraft:potato":6,"minecraft:diorite":3,"croptopia:tomato":16,"minecraft:powered_rail":30,"artifacts:eternal_steak":67,"magistuarmory:sallet":4,"minecraft:golden_apple":5,"minecraft:sand":6,"magistuarmory:knight_leggings":2,"croptopia:fish_and_chips":4,"minecraft:blast_furnace":3,"croptopia:orange":13,"croptopia:plum":4,"minecraft:deepslate_iron_ore":12,"minecraft:diamond_ore":6,"minecraft:smithing_table":1,"minecraft:enchanting_table":2,"croptopia:popcorn":6,"minecraft:torch":33,"minecraft:anvil":1,"farmersdelight:flint_knife":130,"minecraft:iron_axe":288,"croptopia:cooked_calamari":2,"travelersbackpack:hose":5,"minecraft:orange_terracotta":29,"croptopia:raspberry_seed":2,"farmersdelight:potato_crate":1,"minecraft:pointed_dripstone":2,"naturalist:bass":4,"minecraft:wheat_seeds":33,"minecraft:water_bucket":21,"farmersdelight:milk_bottle":32,"minecraft:gold_ore":11,"farmersdelight:canvas_sign":1,"minecraft:rail":61,"minecraft:oak_slab":13,"minecraft:crafting_table":2,"justhammers:diamond_hammer":574,"minecraft:red_bed":2,"croptopia:soybean_seed":1,"minecraft:campfire":3,"minecraft:white_bed":2,"magistuarmory:gothic_chestplate":2,"minecraft:oak_log":5,"minecraft:diamond_pickaxe":2025,"minecraft:cornflower":3,"minecraft:diamond_shovel":784,"minecraft:cobblestone":14,"travelersbackpack:standard":1,"minecraft:cooked_porkchop":6,"naturalist:boar_spawn_egg":1,"minecraft:candle":2,"minecraft:jukebox":1,"minecraft:red_sand":402,"minecraft:iron_shovel":446,"croptopia:mustard_seed":8,"travelersbackpack:lapis":1,"croptopia:zucchini":1,"croptopia:cabbage_seed":3,"naturalist:cooked_venison":1,"minecraft:carrot":8,"minecraft:coal_ore":26,"minecraft:lantern":32,"croptopia:pepper_seed":6,"farmersdelight:raw_pasta":1,"minecraft:deepslate_diamond_ore":24,"farmersdelight:cutting_board":1,"farmersdelight:safety_net":4,"farmersdelight:full_tatami_mat":2,"croptopia:lettuce_seed":18,"minecraft:oak_planks":10,"minecraft:chainmail_helmet":2,"minecraft:diamond_axe":438,"minecraft:sugar_cane":3,"naturalist:snail_bucket":2,"minecraft:deepslate_redstone_ore":21,"minecraft:bread":12,"croptopia:hops_seed":6,"minecraft:deepslate":4,"croptopia:toast":34,"minecraft:grindstone":1,"minecraft:bone_meal":120,"minecraft:cobweb":7,"croptopia:corn":4,"minecraft:oak_fence":57,"minecraft:deepslate_gold_ore":37,"minecraft:stone_hoe":46,"minecraft:dirt":619,"croptopia:saguaro_seed":1,"minecraft:cobblestone_wall":2,"minecraft:iron_hoe":842,"minecraft:brown_terracotta":167,"minecraft:bookshelf":23,"magistuarmory:steel_zweihander":477,"minecraft:beetroot_soup":7,"croptopia:zucchini_seed":1,"minecraft:baked_potato":8,"magistuarmory:knight_boots":3,"croptopia:corn_seed":98,"minecraft:terracotta":2,"minecraft:music_disc_cat":3,"magistuarmory:diamond_zweihander":78,"minecraft:smoker":1,"minecraft:apple":9,"minecraft:command_block":1,"croptopia:tomato_seed":80,"minecraft:white_banner":2,"minecraft:bucket":18,"minecraft:sculk_catalyst":1},"minecraft:picked_up":{"minecraft:flower_pot":1,"minecraft:anvil":1,"croptopia:tomatillo_seed":1,"minecraft:stone_slab":4,"minecraft:enchanted_book":1,"croptopia:calamari":8,"croptopia:cabbage_seed":10,"minecraft:music_disc_cat":3,"minecraft:string":40,"minecraft:cobbled_deepslate":68,"croptopia:mustard_seed":25,"minecraft:diamond_ore":7,"farmersdelight:potato_crate":1,"minecraft:jukebox":1,"minecraft:acacia_log":18,"magistuarmory:rusted_heavymace":3,"minecraft:sandstone_wall":1,"magistuarmory:rustedcrusader_chestplate":6,"farmersdelight:canvas":2,"farmersdelight:onion":9,"croptopia:raspberry_seed":2,"minecraft:white_terracotta":1,"croptopia:lettuce_seed":17,"minecraft:feather":2,"magistuarmory:rustedchainmail_boots":7,"minecraft:jungle_log":288,"minecraft:smoker":1,"farmersdelight:safety_net":4,"minecraft:magenta_bed":1,"minecraft:lantern":32,"croptopia:roe":18,"croptopia:plum":4,"croptopia:turmeric":1,"minecraft:ink_sac":13,"minecraft:trapped_chest":1,"croptopia:chile_pepper":2,"minecraft:deepslate":30,"magistuarmory:leather_strip":5,"minecraft:deepslate_gold_ore":37,"minecraft:granite":7,"minecraft:diamond_pickaxe":4,"minecraft:crafting_table":2,"minecraft:sandstone_slab":6,"minecraft:clay_ball":29,"minecraft:leather_leggings":1,"minecraft:cornflower":3,"croptopia:saguaro_seed":7,"minecraft:red_bed":3,"minecraft:acacia_door":2,"artifacts:power_glove":9,"croptopia:soybean":4,"minecraft:deepslate_diamond_ore":24,"travelersbackpack:lapis":7,"minecraft:beef":4,"croptopia:pepper_seed":6,"minecraft:iron_nugget":6,"minecraft:chest":2,"minecraft:birch_sapling":1,"minecraft:sandstone":13,"croptopia:corn_seed":83,"minecraft:stone":7,"minecraft:raw_gold_block":4,"magistuarmory:rustedbarbute":1,"minecraft:spruce_fence":3,"farmersdelight:tomato_seeds":19,"minecraft:carrot":72,"minecraft:redstone":147,"artifacts:everlasting_beef":1,"artifacts:snowshoes":1,"minecraft:hay_block":8,"minecraft:sandstone_stairs":1,"minecraft:yellow_terracotta":1,"croptopia:pepper":8,"minecraft:rail":30,"minecraft:stripped_oak_log":164,"magistuarmory:rustedhalfarmor_chestplate":1,"croptopia:glowing_calamari":4,"minecraft:oak_log":192,"farmersdelight:salmon_slice":26,"minecraft:paper":6,"minecraft:white_banner":4,"croptopia:olive":1,"minecraft:apple":14,"minecraft:cobweb":4,"croptopia:tomato":116,"minecraft:glass_bottle":6,"magistuarmory:rustednorman_helmet":1,"croptopia:rutabaga_seed":5,"magistuarmory:rustedchainmail_leggings":9,"croptopia:saguaro":3,"minecraft:coal_ore":26,"minecraft:slime_ball":19,"croptopia:orange":7,"minecraft:deepslate_redstone_ore":21,"minecraft:lodestone":1,"minecraft:ender_pearl":3,"minecraft:wheat":113,"croptopia:zucchini":6,"croptopia:kale":2,"croptopia:lettuce":36,"croptopia:cantaloupe":1,"minecraft:raw_copper":183,"minecraft:activator_rail":2,"minecraft:tnt_minecart":1,"minecraft:red_sand":953,"minecraft:deepslate_iron_ore":13,"minecraft:furnace":1,"minecraft:stick":229,"minecraft:brown_terracotta":485,"minecraft:oak_fence":15,"minecraft:torch":59,"croptopia:rutabaga":6,"croptopia:olive_seed":2,"minecraft:porkchop":10,"croptopia:ginger_seed":2,"minecraft:diorite":4,"minecraft:pointed_dripstone":5,"minecraft:cactus":15,"minecraft:rotten_flesh":123,"farmersdelight:tree_bark":56,"artifacts:panic_necklace":3,"minecraft:obsidian":6,"farmersdelight:raw_pasta":3,"croptopia:cabbage":9,"minecraft:cobblestone":610,"croptopia:cauliflower":2,"minecraft:enchanting_table":1,"minecraft:andesite":100,"minecraft:potato":37,"croptopia:spinach":1,"magistuarmory:hilt":1,"artifacts:flame_pendant":7,"croptopia:cooked_calamari":8,"minecraft:lapis_lazuli":264,"minecraft:dirt":243,"minecraft:name_tag":1,"minecraft:bone":157,"croptopia:corn":58,"minecraft:acacia_planks":42,"minecraft:bow":7,"minecraft:wheat_seeds":360,"minecraft:raw_gold":237,"minecraft:bell":1,"minecraft:powered_rail":28,"croptopia:kale_seed":4,"minecraft:oak_planks":53,"croptopia:chile_pepper_seed":4,"croptopia:mustard":26,"croptopia:ginger":1,"minecraft:sand":6,"minecraft:grass_block":6,"minecraft:chiseled_sandstone":2,"minecraft:jungle_leaves":4,"minecraft:light_gray_terracotta":9,"croptopia:hops_seed":14,"minecraft:sugar":12,"minecraft:diamond":95,"magistuarmory:corruptedroundshield":7,"minecraft:crossbow":1,"minecraft:bone_meal":13,"minecraft:spruce_sign":1,"minecraft:oak_sapling":17,"croptopia:zucchini_seed":5,"minecraft:charcoal":2,"minecraft:allium":6,"minecraft:stone_brick_wall":1,"minecraft:candle":2,"croptopia:tomatillo":1,"croptopia:tomato_seed":96,"farmersdelight:straw":70,"minecraft:sugar_cane":25,"minecraft:raw_iron":353,"croptopia:soybean_seed":3,"croptopia:knife":1,"croptopia:cantaloupe_seed":3,"minecraft:arrow":173,"croptopia:salt":38,"artifacts:novelty_drinking_hat":18,"minecraft:glow_ink_sac":1,"minecraft:salmon":17,"minecraft:cut_sandstone":2,"minecraft:leather":4,"minecraft:birch_planks":1,"minecraft:gunpowder":83,"minecraft:cobblestone_wall":7,"artifacts:cloud_in_a_bottle":10,"minecraft:cobblestone_stairs":1,"minecraft:orange_terracotta":1083,"naturalist:bass":76,"minecraft:iron_ingot":4,"croptopia:raspberry":4,"artifacts:kitty_slippers":11,"minecraft:acacia_sapling":21,"farmersdelight:full_tatami_mat":4,"minecraft:book":55,"minecraft:sculk_catalyst":2,"minecraft:oak_slab":9,"croptopia:cauliflower_seed":1,"croptopia:apricot":1,"minecraft:dripstone_block":2,"croptopia:hops":13,"croptopia:turmeric_seed":2,"minecraft:blast_furnace":4,"minecraft:white_bed":1,"minecraft:gold_ore":11,"minecraft:spider_eye":15,"magistuarmory:rustedchainmail_helmet":1,"minecraft:pumpkin_seeds":2,"minecraft:campfire":5,"magistuarmory:rusted_bastardsword":13,"magistuarmory:rustedcrusader_boots":5,"minecraft:terracotta":39,"minecraft:coal":592,"magistuarmory:steel_nugget":1},"minecraft:custom":{"minecraft:interact_with_crafting_table":151,"minecraft:open_barrel":113,"minecraft:bell_ring":9,"minecraft:eat_cake_slice":11,"minecraft:leave_game":31,"minecraft:time_since_death":60873,"minecraft:play_time":821007,"minecraft:deaths":12,"minecraft:jump":11105,"minecraft:enchant_item":20,"minecraft:interact_with_furnace":74,"minecraft:play_record":3,"minecraft:traded_with_villager":40,"minecraft:interact_with_cartography_table":2,"minecraft:sleep_in_bed":22,"minecraft:damage_dealt":46752,"minecraft:interact_with_smoker":94,"minecraft:inspect_dispenser":1,"minecraft:interact_with_smithing_table":23,"minecraft:interact_with_anvil":8,"minecraft:inspect_hopper":1,"minecraft:sneak_time":6572,"minecraft:interact_with_lectern":3,"minecraft:interact_with_blast_furnace":271,"minecraft:total_world_time":821007,"minecraft:interact_with_stonecutter":1,"minecraft:time_since_rest":20502,"minecraft:swim_one_cm":214315,"minecraft:fly_one_cm":4419030,"minecraft:open_chest":555,"minecraft:fall_one_cm":1224935,"minecraft:sprint_one_cm":1568047,"minecraft:drop":314,"minecraft:talked_to_villager":33,"minecraft:interact_with_brewingstand":1,"minecraft:walk_on_water_one_cm":99597,"minecraft:player_kills":6,"minecraft:crouch_one_cm":21192,"minecraft:mob_kills":625,"minecraft:climb_one_cm":44112,"minecraft:walk_one_cm":1459353,"minecraft:walk_under_water_one_cm":75749,"minecraft:interact_with_grindstone":13,"minecraft:damage_taken":16015,"minecraft:damage_absorbed":130,"minecraft:trigger_trapped_chest":2},"minecraft:dropped":{"croptopia:rutabaga":1,"minecraft:lapis_lazuli":131,"minecraft:glass_bottle":8,"minecraft:diamond":1,"minecraft:sandstone_stairs":1,"artifacts:cloud_in_a_bottle":1,"minecraft:rail":20,"minecraft:emerald":6,"minecraft:dirt":28,"minecraft:red_bed":1,"magistuarmory:rusted_bastardsword":9,"minecraft:sugar":7,"magistuarmory:corruptedroundshield":7,"minecraft:fishing_rod":1,"minecraft:bone":66,"magistuarmory:rustedchainmail_leggings":3,"farmersdelight:canvas":2,"minecraft:iron_nugget":9,"croptopia:toast":25,"minecraft:cobbled_deepslate":24,"minecraft:birch_sapling":1,"minecraft:rotten_flesh":63,"croptopia:chile_pepper":1,"minecraft:oak_planks":4,"minecraft:salmon":1,"minecraft:jungle_log":1,"minecraft:acacia_sapling":15,"magistuarmory:steel_zweihander":1,"minecraft:leather_leggings":2,"minecraft:beef":4,"minecraft:campfire":1,"minecraft:iron_ingot":32,"naturalist:boar_spawn_egg":6,"minecraft:wheat_seeds":78,"farmersdelight:full_tatami_mat":2,"minecraft:cobblestone":56,"minecraft:feather":2,"minecraft:oak_fence":3,"minecraft:yellow_terracotta":1,"minecraft:iron_helmet":1,"minecraft:book":1,"minecraft:granite":4,"minecraft:coal":94,"magistuarmory:rustedcrusader_boots":4,"minecraft:cobweb":4,"minecraft:ink_sac":3,"croptopia:tomato":1,"minecraft:brown_terracotta":123,"croptopia:cauliflower_seed":1,"minecraft:white_banner":1,"magistuarmory:rustedbarbute":1,"minecraft:string":9,"croptopia:cooked_calamari":8,"minecraft:acacia_planks":43,"minecraft:cobblestone_wall":11,"minecraft:bowl":7,"minecraft:deepslate":14,"minecraft:clay_ball":1,"minecraft:iron_boots":3,"croptopia:corn_seed":1,"magistuarmory:rusted_heavymace":2,"minecraft:stone_slab":5,"farmersdelight:straw":4,"magistuarmory:steel_nugget":2,"minecraft:white_terracotta":1,"minecraft:pumpkin_seeds":2,"minecraft:stone":7,"minecraft:flower_pot":1,"minecraft:allium":6,"minecraft:diamond_pickaxe":3,"minecraft:spider_eye":10,"minecraft:red_sand":177,"minecraft:bow":5,"artifacts:snowshoes":1,"minecraft:terracotta":37,"minecraft:spruce_sign":1,"minecraft:birch_planks":1,"magistuarmory:rustedcrusader_chestplate":5,"minecraft:sandstone_slab":6,"croptopia:cauliflower":1,"minecraft:leather":10,"croptopia:chile_pepper_seed":2,"croptopia:apricot":1,"minecraft:cobblestone_stairs":1,"croptopia:tomato_seed":1,"artifacts:novelty_drinking_hat":7,"croptopia:pepper":2,"minecraft:gold_ingot":23,"minecraft:pointed_dripstone":3,"minecraft:arrow":3,"magistuarmory:rustedchainmail_boots":6,"minecraft:stone_hoe":1,"minecraft:oak_slab":8,"croptopia:lettuce_seed":2,"minecraft:deepslate_iron_ore":1,"croptopia:kale":1,"minecraft:activator_rail":2,"minecraft:copper_ingot":55,"minecraft:stick":66,"minecraft:magenta_bed":1,"croptopia:kale_seed":2,"croptopia:knife":1,"minecraft:diorite":1,"minecraft:torch":25,"minecraft:sculk_catalyst":1,"croptopia:lettuce":8,"minecraft:iron_leggings":1,"minecraft:jungle_leaves":4,"minecraft:iron_axe":1,"minecraft:cactus":7,"croptopia:popcorn":9,"minecraft:music_disc_cat":1,"minecraft:redstone":21,"minecraft:raw_copper":46,"minecraft:light_gray_terracotta":9,"croptopia:ginger":1,"minecraft:iron_hoe":1,"minecraft:stripped_oak_log":5,"minecraft:diamond_chestplate":1,"minecraft:orange_terracotta":663,"minecraft:iron_chestplate":2,"minecraft:andesite":38,"minecraft:oak_sapling":11,"croptopia:roe":1}},"DataVersion":3465}