{"stats":{"minecraft:dropped":{"minecraft:spruce_sign":1,"croptopia:rutabaga":1,"minecraft:glass_bottle":1,"magistuarmory:rustedcrusader_chestplate":4,"minecraft:rail":10,"minecraft:red_bed":1,"magistuarmory:rusted_bastardsword":6,"magistuarmory:corruptedroundshield":2,"minecraft:bone":1,"minecraft:iron_nugget":5,"minecraft:pointed_dripstone":3,"minecraft:rotten_flesh":17,"minecraft:oak_planks":4,"minecraft:acacia_sapling":15,"minecraft:leather_leggings":1,"minecraft:arrow":1,"magistuarmory:rustedchainmail_boots":2,"minecraft:stone_hoe":1,"minecraft:wheat_seeds":10,"minecraft:feather":2,"minecraft:book":1,"minecraft:activator_rail":2,"minecraft:stick":8,"magistuarmory:rustedcrusader_boots":3,"minecraft:diorite":1,"minecraft:torch":25,"minecraft:brown_terracotta":5,"croptopia:ginger":1,"minecraft:iron_boots":1,"minecraft:stripped_oak_log":5,"magistuarmory:steel_nugget":2,"minecraft:pumpkin_seeds":2,"minecraft:flower_pot":1,"minecraft:allium":2,"minecraft:diamond_chestplate":1,"minecraft:diamond_pickaxe":1,"minecraft:spider_eye":4,"minecraft:bow":1},"minecraft:killed":{"minecraft:spider":13,"naturalist:boar":4,"minecraft:skeleton":17,"minecraft:silverfish":10,"artifacts:mimic":1,"minecraft:pig":4,"minecraft:creeper":25,"minecraft:zombie":20,"naturalist:tortoise":1,"naturalist:bass":19,"minecraft:drowned":2,"naturalist:vulture":1,"minecraft:husk":13,"minecraft:bat":1},"minecraft:broken":{"magistuarmory:knight_boots":1,"minecraft:iron_shovel":1,"minecraft:iron_axe":1},"minecraft:mined":{"minecraft:white_bed":1,"minecraft:cobbled_deepslate_stairs":1,"croptopia:mustard_crop":3,"minecraft:obsidian":5,"minecraft:granite":3,"minecraft:red_sand":112,"minecraft:acacia_log":18,"minecraft:grass_block":208,"minecraft:spawner":6,"minecraft:iron_ore":129,"minecraft:barrel":1,"minecraft:anvil":1,"minecraft:enchanting_table":1,"minecraft:pointed_dripstone":2,"amendments:wall_lantern":3,"minecraft:spruce_slab":2,"minecraft:cut_sandstone":7,"minecraft:red_bed":3,"minecraft:smoker":1,"minecraft:orange_terracotta":5,"minecraft:blast_furnace":2,"minecraft:dead_bush":23,"minecraft:cobblestone":8,"minecraft:sugar_cane":7,"minecraft:oak_planks":3,"croptopia:zucchini_crop":1,"minecraft:wheat":1,"minecraft:magenta_bed":1,"minecraft:tnt":3,"minecraft:grass":335,"minecraft:oak_log":54,"minecraft:sand":1,"minecraft:dirt":5,"farmersdelight:full_tatami_mat":2,"minecraft:dispenser":1,"minecraft:oak_leaves":9,"croptopia:cabbage_crop":1,"minecraft:tuff":3,"travelersbackpack:lapis":2,"minecraft:allium":2,"minecraft:spruce_fence":3,"minecraft:decorated_pot":4,"minecraft:potted_azalea_bush":1,"minecraft:redstone_wire":1,"minecraft:sandstone":4,"croptopia:ginger_crop":1,"minecraft:furnace":1,"minecraft:raw_gold_block":4,"croptopia:corn_crop":2,"croptopia:soybean_crop":1,"minecraft:andesite":2,"minecraft:bookshelf":18,"minecraft:deepslate_iron_ore":1,"minecraft:rail":8,"minecraft:lantern":8,"minecraft:stone":52,"minecraft:redstone_wall_torch":1,"minecraft:oak_slab":3,"gravestones:gravestone":2,"minecraft:acacia_leaves":3,"minecraft:tall_grass":38,"minecraft:deepslate_coal_ore":24,"farmersdelight:wild_tomatoes":6,"minecraft:diorite":5,"croptopia:olive_crop":1,"minecraft:spruce_stairs":2,"minecraft:cactus":1,"minecraft:polished_blackstone_stairs":1,"croptopia:hops_crop":1,"croptopia:turmeric_crop":1,"minecraft:coal_ore":90,"croptopia:saguaro_crop":3,"minecraft:flower_pot":1,"minecraft:lodestone":1,"croptopia:rutabaga_crop":1,"minecraft:cobweb":7,"minecraft:brown_terracotta":27,"minecraft:cracked_stone_bricks":1,"minecraft:polished_blackstone":4,"minecraft:stone_bricks":1,"minecraft:mossy_stone_bricks":1,"minecraft:gold_ore":58},"minecraft:custom":{"minecraft:interact_with_crafting_table":55,"minecraft:open_barrel":59,"minecraft:eat_cake_slice":3,"minecraft:leave_game":6,"minecraft:time_since_death":7096,"minecraft:sprint_one_cm":463339,"minecraft:drop":70,"minecraft:play_time":232123,"minecraft:deaths":2,"minecraft:jump":3095,"minecraft:interact_with_brewingstand":1,"minecraft:walk_on_water_one_cm":30735,"minecraft:enchant_item":2,"minecraft:interact_with_furnace":27,"minecraft:interact_with_cartography_table":1,"minecraft:sleep_in_bed":11,"minecraft:damage_dealt":10488,"minecraft:crouch_one_cm":11849,"minecraft:interact_with_smoker":46,"minecraft:inspect_dispenser":1,"minecraft:interact_with_smithing_table":4,"minecraft:mob_kills":133,"minecraft:inspect_hopper":1,"minecraft:climb_one_cm":9398,"minecraft:walk_one_cm":388250,"minecraft:sneak_time":2758,"minecraft:walk_under_water_one_cm":13178,"minecraft:interact_with_lectern":3,"minecraft:interact_with_blast_furnace":38,"minecraft:total_world_time":232123,"minecraft:time_since_rest":7124,"minecraft:damage_taken":2747,"minecraft:trigger_trapped_chest":2,"minecraft:swim_one_cm":51388,"minecraft:fly_one_cm":930375,"minecraft:open_chest":115,"minecraft:fall_one_cm":225654},"minecraft:killed_by":{"minecraft:drowned":1,"minecraft:skeleton":1},"minecraft:used":{"minecraft:red_sand":39,"minecraft:iron_shovel":312,"croptopia:mustard_seed":8,"minecraft:chest":4,"minecraft:rotten_flesh":14,"croptopia:zucchini":1,"croptopia:cabbage_seed":3,"naturalist:cooked_venison":1,"minecraft:carrot":7,"naturalist:cooked_bass":8,"croptopia:rutabaga_seed":1,"minecraft:lantern":7,"farmersdelight:cutting_board":1,"minecraft:furnace":2,"magistuarmory:rusted_bastardsword":12,"minecraft:potato":6,"farmersdelight:full_tatami_mat":2,"croptopia:lettuce_seed":1,"minecraft:oak_planks":8,"minecraft:chainmail_helmet":2,"minecraft:sugar_cane":3,"magistuarmory:sallet":2,"minecraft:blast_furnace":2,"croptopia:orange":13,"minecraft:bread":11,"croptopia:hops_seed":6,"croptopia:toast":13,"minecraft:smithing_table":1,"minecraft:cobweb":7,"minecraft:enchanting_table":2,"minecraft:stone_hoe":46,"minecraft:torch":26,"minecraft:dirt":79,"croptopia:saguaro_seed":1,"farmersdelight:flint_knife":124,"minecraft:iron_hoe":47,"minecraft:brown_terracotta":8,"minecraft:bookshelf":23,"minecraft:iron_axe":119,"magistuarmory:steel_zweihander":152,"croptopia:cooked_calamari":1,"minecraft:pointed_dripstone":2,"minecraft:wheat_seeds":33,"minecraft:water_bucket":1,"farmersdelight:milk_bottle":31,"croptopia:zucchini_seed":1,"croptopia:corn_seed":13,"minecraft:oak_slab":5,"minecraft:crafting_table":1,"minecraft:red_bed":2,"croptopia:soybean_seed":1,"minecraft:white_bed":2,"minecraft:smoker":1,"minecraft:diamond_pickaxe":489,"minecraft:cobblestone":3,"travelersbackpack:standard":1,"minecraft:cooked_porkchop":6},"minecraft:crafted":{"minecraft:oak_planks":242,"farmersdelight:canvas":3,"croptopia:toast":46,"farmersdelight:rope":4,"minecraft:bookshelf":23,"naturalist:cooked_bass":13,"minecraft:glass":61,"croptopia:flour":6,"minecraft:chest":8,"magistuarmory:steel_nugget":1,"minecraft:oak_slab":6,"travelersbackpack:iron_tier_upgrade":1,"minecraft:cooked_porkchop":10,"minecraft:crafting_table":1,"croptopia:corn_seed":7,"minecraft:smithing_table":1,"farmersdelight:tatami":2,"farmersdelight:full_tatami_mat":2,"farmersdelight:cutting_board":1,"minecraft:charcoal":50,"minecraft:stick":16,"minecraft:iron_ingot":32,"minecraft:gold_ingot":108,"croptopia:hops_seed":3,"minecraft:iron_nugget":1,"minecraft:bone_meal":45,"travelersbackpack:blank_upgrade":4,"travelersbackpack:gold_tier_upgrade":1,"croptopia:saguaro_seed":1,"minecraft:iron_axe":1,"magistuarmory:steel_ingot":27,"minecraft:iron_hoe":1,"minecraft:enchanting_table":1,"travelersbackpack:backpack_tank":2,"minecraft:bucket":1,"minecraft:bread":20,"minecraft:air":0,"minecraft:white_wool":1,"minecraft:raw_gold":36,"croptopia:lettuce_seed":1,"minecraft:iron_shovel":1,"minecraft:white_bed":1,"minecraft:acacia_planks":72,"minecraft:torch":16,"farmersdelight:straw_bale":6},"minecraft:picked_up":{"croptopia:zucchini":4,"minecraft:wheat":54,"minecraft:anvil":1,"minecraft:flower_pot":1,"croptopia:cabbage_seed":2,"minecraft:string":16,"croptopia:lettuce":1,"minecraft:raw_copper":19,"minecraft:activator_rail":2,"minecraft:tnt_minecart":1,"minecraft:red_sand":111,"croptopia:mustard_seed":11,"minecraft:furnace":1,"minecraft:stick":33,"minecraft:brown_terracotta":27,"minecraft:acacia_log":18,"minecraft:torch":49,"croptopia:rutabaga":4,"croptopia:olive_seed":2,"minecraft:porkchop":10,"croptopia:ginger_seed":2,"minecraft:diorite":4,"minecraft:pointed_dripstone":5,"magistuarmory:rustedcrusader_chestplate":4,"minecraft:rotten_flesh":44,"farmersdelight:tree_bark":31,"minecraft:obsidian":5,"croptopia:cabbage":4,"minecraft:cobblestone":81,"croptopia:lettuce_seed":1,"minecraft:enchanting_table":1,"minecraft:feather":2,"magistuarmory:rustedchainmail_boots":1,"minecraft:smoker":1,"minecraft:potato":17,"minecraft:magenta_bed":1,"artifacts:flame_pendant":3,"minecraft:dirt":167,"minecraft:lantern":11,"minecraft:name_tag":1,"minecraft:bone":23,"croptopia:corn":9,"minecraft:bow":1,"minecraft:wheat_seeds":144,"minecraft:raw_gold":70,"minecraft:oak_planks":10,"croptopia:turmeric":1,"croptopia:mustard":13,"croptopia:ginger":1,"minecraft:trapped_chest":1,"croptopia:hops_seed":4,"magistuarmory:corruptedroundshield":2,"minecraft:granite":3,"minecraft:spruce_sign":1,"croptopia:zucchini_seed":2,"minecraft:diamond_pickaxe":2,"minecraft:allium":2,"croptopia:saguaro_seed":6,"minecraft:red_bed":3,"artifacts:power_glove":4,"croptopia:soybean":3,"minecraft:candle":1,"travelersbackpack:lapis":2,"farmersdelight:straw":67,"minecraft:iron_nugget":5,"minecraft:sugar_cane":19,"minecraft:raw_iron":129,"croptopia:corn_seed":10,"minecraft:raw_gold_block":4,"croptopia:soybean_seed":2,"minecraft:spruce_fence":3,"farmersdelight:tomato_seeds":6,"minecraft:carrot":27,"minecraft:redstone":1,"minecraft:arrow":21,"minecraft:rail":17,"minecraft:stripped_oak_log":36,"artifacts:novelty_drinking_hat":3,"minecraft:leather":2,"minecraft:oak_log":54,"artifacts:cloud_in_a_bottle":3,"minecraft:gunpowder":25,"minecraft:paper":6,"minecraft:orange_terracotta":5,"naturalist:bass":19,"croptopia:olive":1,"minecraft:apple":3,"minecraft:iron_ingot":1,"artifacts:kitty_slippers":3,"farmersdelight:full_tatami_mat":2,"minecraft:acacia_sapling":21,"minecraft:book":55,"minecraft:oak_slab":4,"minecraft:dripstone_block":2,"croptopia:hops":5,"croptopia:rutabaga_seed":3,"croptopia:turmeric_seed":2,"minecraft:blast_furnace":2,"minecraft:white_bed":1,"magistuarmory:rustedchainmail_leggings":3,"minecraft:spider_eye":5,"minecraft:pumpkin_seeds":2,"croptopia:saguaro":2,"magistuarmory:rusted_bastardsword":8,"croptopia:orange":3,"magistuarmory:rustedcrusader_boots":3,"minecraft:lodestone":1,"minecraft:coal":144,"magistuarmory:steel_nugget":1}},"DataVersion":3465}