{"stats":{"minecraft:dropped":{"minecraft:spruce_sign":1,"croptopia:rutabaga":1,"minecraft:glass_bottle":1,"magistuarmory:rustedcrusader_chestplate":4,"artifacts:cloud_in_a_bottle":1,"minecraft:rail":10,"minecraft:cobblestone_stairs":1,"minecraft:red_bed":1,"artifacts:novelty_drinking_hat":2,"magistuarmory:rusted_bastardsword":7,"magistuarmory:corruptedroundshield":2,"minecraft:bone":10,"magistuarmory:rustedchainmail_leggings":3,"farmersdelight:canvas":2,"minecraft:iron_nugget":5,"minecraft:cobbled_deepslate":4,"minecraft:pointed_dripstone":3,"minecraft:rotten_flesh":17,"minecraft:oak_planks":4,"minecraft:acacia_sapling":15,"minecraft:leather_leggings":1,"minecraft:arrow":1,"magistuarmory:rustedchainmail_boots":4,"minecraft:stone_hoe":1,"minecraft:wheat_seeds":72,"minecraft:feather":2,"minecraft:book":1,"minecraft:granite":2,"minecraft:activator_rail":2,"minecraft:stick":8,"minecraft:magenta_bed":1,"magistuarmory:rustedcrusader_boots":3,"minecraft:diorite":1,"minecraft:torch":25,"minecraft:brown_terracotta":5,"croptopia:ginger":1,"minecraft:iron_boots":1,"minecraft:stripped_oak_log":5,"magistuarmory:rusted_heavymace":1,"magistuarmory:steel_nugget":2,"minecraft:pumpkin_seeds":2,"minecraft:flower_pot":1,"minecraft:allium":2,"minecraft:diamond_chestplate":1,"minecraft:diamond_pickaxe":2,"minecraft:spider_eye":4,"minecraft:bow":3},"minecraft:killed":{"minecraft:spider":24,"naturalist:boar":4,"minecraft:skeleton":41,"minecraft:silverfish":10,"artifacts:mimic":2,"minecraft:pig":4,"minecraft:creeper":36,"minecraft:zombie":46,"minecraft:glow_squid":1,"naturalist:tortoise":1,"naturalist:bass":19,"minecraft:drowned":2,"naturalist:vulture":1,"minecraft:husk":13,"minecraft:bat":3},"minecraft:broken":{"magistuarmory:knight_boots":1,"minecraft:iron_shovel":1,"magistuarmory:sallet":1,"minecraft:iron_axe":1},"minecraft:mined":{"minecraft:white_bed":1,"minecraft:cobbled_deepslate_stairs":1,"croptopia:mustard_crop":3,"minecraft:obsidian":5,"minecraft:granite":3,"minecraft:red_sand":112,"minecraft:acacia_log":18,"minecraft:grass_block":208,"minecraft:spawner":7,"minecraft:iron_ore":208,"minecraft:barrel":1,"minecraft:deepslate_lapis_ore":6,"minecraft:anvil":1,"minecraft:enchanting_table":1,"minecraft:pointed_dripstone":2,"amendments:wall_lantern":12,"minecraft:spruce_slab":2,"minecraft:cut_sandstone":7,"minecraft:red_bed":3,"minecraft:smoker":1,"minecraft:orange_terracotta":5,"minecraft:blast_furnace":2,"minecraft:dead_bush":23,"minecraft:cobblestone":11,"minecraft:sugar_cane":7,"minecraft:oak_planks":3,"croptopia:zucchini_crop":1,"minecraft:wheat":1,"minecraft:magenta_bed":1,"minecraft:jukebox":1,"minecraft:tnt":3,"minecraft:grass":335,"minecraft:oak_log":54,"minecraft:sand":1,"minecraft:dirt":5,"farmersdelight:full_tatami_mat":2,"minecraft:dispenser":1,"minecraft:oak_leaves":9,"minecraft:deepslate":40,"croptopia:cabbage_crop":1,"minecraft:tuff":3,"travelersbackpack:lapis":5,"minecraft:deepslate_diamond_ore":10,"minecraft:allium":2,"minecraft:spruce_fence":3,"minecraft:decorated_pot":4,"minecraft:potted_azalea_bush":1,"minecraft:redstone_wire":1,"minecraft:sandstone":4,"minecraft:redstone_ore":1,"croptopia:ginger_crop":1,"minecraft:furnace":1,"minecraft:raw_gold_block":4,"croptopia:corn_crop":3,"croptopia:soybean_crop":1,"minecraft:andesite":11,"minecraft:bookshelf":18,"minecraft:deepslate_iron_ore":34,"minecraft:rail":8,"minecraft:lantern":14,"minecraft:stone":96,"minecraft:redstone_wall_torch":1,"minecraft:oak_slab":3,"gravestones:gravestone":3,"minecraft:acacia_leaves":3,"minecraft:tall_grass":38,"minecraft:deepslate_coal_ore":24,"minecraft:lapis_ore":1,"minecraft:deepslate_gold_ore":31,"farmersdelight:wild_tomatoes":6,"minecraft:diorite":5,"croptopia:olive_crop":1,"minecraft:spruce_stairs":2,"minecraft:cactus":1,"minecraft:polished_blackstone_stairs":1,"croptopia:hops_crop":1,"croptopia:turmeric_crop":1,"minecraft:coal_ore":153,"croptopia:saguaro_crop":3,"minecraft:flower_pot":1,"minecraft:lodestone":1,"croptopia:rutabaga_crop":1,"minecraft:cobweb":7,"minecraft:brown_terracotta":27,"minecraft:cracked_stone_bricks":1,"minecraft:polished_blackstone":4,"minecraft:stone_bricks":1,"minecraft:mossy_stone_bricks":1,"minecraft:gold_ore":75},"minecraft:custom":{"minecraft:interact_with_crafting_table":64,"minecraft:open_barrel":66,"minecraft:eat_cake_slice":5,"minecraft:leave_game":8,"minecraft:time_since_death":26744,"minecraft:sprint_one_cm":585389,"minecraft:drop":91,"minecraft:play_time":307472,"minecraft:deaths":5,"minecraft:jump":4384,"minecraft:interact_with_brewingstand":1,"minecraft:walk_on_water_one_cm":33309,"minecraft:enchant_item":3,"minecraft:interact_with_furnace":33,"minecraft:play_record":1,"minecraft:interact_with_cartography_table":2,"minecraft:sleep_in_bed":12,"minecraft:damage_dealt":15736,"minecraft:crouch_one_cm":12259,"minecraft:interact_with_smoker":58,"minecraft:inspect_dispenser":1,"minecraft:interact_with_smithing_table":7,"minecraft:mob_kills":211,"minecraft:interact_with_anvil":2,"minecraft:inspect_hopper":1,"minecraft:climb_one_cm":16825,"minecraft:walk_one_cm":487103,"minecraft:sneak_time":2900,"minecraft:walk_under_water_one_cm":13478,"minecraft:interact_with_lectern":3,"minecraft:interact_with_blast_furnace":72,"minecraft:total_world_time":307472,"minecraft:time_since_rest":26770,"minecraft:damage_taken":5564,"minecraft:trigger_trapped_chest":2,"minecraft:swim_one_cm":52537,"minecraft:fly_one_cm":1407385,"minecraft:open_chest":144,"minecraft:fall_one_cm":362762},"minecraft:killed_by":{"minecraft:drowned":1,"minecraft:zombie":2,"minecraft:skeleton":2},"minecraft:used":{"minecraft:red_sand":39,"minecraft:iron_shovel":312,"croptopia:mustard_seed":8,"minecraft:chest":4,"minecraft:rotten_flesh":14,"croptopia:zucchini":1,"croptopia:cabbage_seed":3,"naturalist:cooked_venison":1,"minecraft:carrot":7,"naturalist:cooked_bass":9,"croptopia:rutabaga_seed":1,"minecraft:lantern":26,"farmersdelight:cutting_board":1,"minecraft:furnace":2,"magistuarmory:rusted_bastardsword":12,"minecraft:potato":6,"farmersdelight:full_tatami_mat":2,"minecraft:diorite":3,"croptopia:lettuce_seed":1,"minecraft:oak_planks":8,"minecraft:chainmail_helmet":2,"minecraft:sugar_cane":3,"magistuarmory:sallet":3,"magistuarmory:knight_leggings":1,"minecraft:blast_furnace":2,"croptopia:orange":13,"minecraft:bread":11,"croptopia:hops_seed":6,"croptopia:toast":34,"minecraft:smithing_table":1,"minecraft:cobweb":7,"minecraft:enchanting_table":2,"minecraft:stone_hoe":46,"minecraft:torch":26,"croptopia:saguaro_seed":1,"minecraft:dirt":79,"minecraft:anvil":1,"farmersdelight:flint_knife":128,"minecraft:iron_hoe":47,"minecraft:brown_terracotta":8,"minecraft:bookshelf":23,"minecraft:iron_axe":119,"magistuarmory:steel_zweihander":201,"croptopia:cooked_calamari":1,"minecraft:pointed_dripstone":2,"naturalist:bass":4,"minecraft:wheat_seeds":33,"minecraft:water_bucket":1,"farmersdelight:milk_bottle":31,"croptopia:zucchini_seed":1,"magistuarmory:knight_boots":1,"croptopia:corn_seed":13,"minecraft:music_disc_cat":1,"minecraft:oak_slab":5,"minecraft:crafting_table":1,"minecraft:red_bed":2,"croptopia:soybean_seed":1,"minecraft:white_bed":2,"minecraft:smoker":1,"magistuarmory:gothic_chestplate":1,"minecraft:diamond_pickaxe":843,"minecraft:apple":6,"minecraft:cobblestone":5,"travelersbackpack:standard":1,"minecraft:cooked_porkchop":6,"minecraft:jukebox":1,"minecraft:candle":1},"minecraft:crafted":{"minecraft:oak_planks":242,"farmersdelight:canvas":3,"croptopia:toast":59,"farmersdelight:rope":4,"minecraft:bookshelf":23,"naturalist:cooked_bass":15,"minecraft:glass":64,"magistuarmory:sallet":1,"croptopia:flour":6,"minecraft:chest":8,"magistuarmory:steel_nugget":1,"minecraft:oak_slab":6,"travelersbackpack:iron_tier_upgrade":1,"minecraft:cooked_porkchop":10,"minecraft:crafting_table":1,"croptopia:corn_seed":7,"minecraft:smithing_table":1,"farmersdelight:tatami":2,"farmersdelight:full_tatami_mat":2,"farmersdelight:cutting_board":1,"minecraft:charcoal":50,"minecraft:stick":16,"minecraft:iron_ingot":233,"minecraft:gold_ingot":150,"croptopia:hops_seed":3,"minecraft:iron_nugget":1,"magistuarmory:knight_boots":1,"minecraft:bone_meal":45,"travelersbackpack:blank_upgrade":4,"travelersbackpack:gold_tier_upgrade":1,"croptopia:saguaro_seed":1,"minecraft:iron_axe":1,"magistuarmory:steel_ingot":27,"minecraft:iron_hoe":1,"magistuarmory:barbute":1,"magistuarmory:steel_plate":12,"minecraft:enchanting_table":1,"travelersbackpack:backpack_tank":2,"minecraft:bucket":1,"minecraft:air":0,"minecraft:bread":33,"minecraft:white_wool":1,"minecraft:raw_gold":36,"croptopia:lettuce_seed":1,"minecraft:iron_shovel":1,"minecraft:white_bed":1,"minecraft:acacia_planks":72,"minecraft:torch":16,"farmersdelight:straw_bale":6},"minecraft:picked_up":{"croptopia:zucchini":4,"minecraft:wheat":74,"minecraft:flower_pot":1,"minecraft:anvil":1,"croptopia:cabbage_seed":2,"minecraft:music_disc_cat":1,"minecraft:string":22,"minecraft:raw_copper":19,"croptopia:lettuce":2,"minecraft:activator_rail":2,"minecraft:tnt_minecart":1,"minecraft:red_sand":111,"minecraft:cobbled_deepslate":43,"croptopia:mustard_seed":11,"minecraft:furnace":1,"minecraft:stick":33,"minecraft:jukebox":1,"minecraft:brown_terracotta":27,"minecraft:acacia_log":18,"minecraft:torch":49,"croptopia:rutabaga":4,"magistuarmory:rusted_heavymace":2,"croptopia:olive_seed":2,"minecraft:porkchop":10,"croptopia:ginger_seed":2,"minecraft:pointed_dripstone":5,"minecraft:diorite":4,"magistuarmory:rustedcrusader_chestplate":4,"farmersdelight:canvas":2,"minecraft:rotten_flesh":45,"farmersdelight:tree_bark":31,"minecraft:obsidian":5,"croptopia:cabbage":4,"minecraft:cobblestone":128,"croptopia:lettuce_seed":2,"minecraft:enchanting_table":1,"minecraft:feather":2,"magistuarmory:rustedchainmail_boots":3,"minecraft:smoker":1,"minecraft:potato":17,"minecraft:magenta_bed":1,"artifacts:flame_pendant":7,"minecraft:lapis_lazuli":37,"minecraft:dirt":167,"minecraft:lantern":28,"minecraft:name_tag":1,"minecraft:bone":44,"croptopia:corn":15,"minecraft:bow":3,"minecraft:wheat_seeds":177,"minecraft:raw_gold":118,"minecraft:oak_planks":10,"croptopia:turmeric":1,"croptopia:mustard":15,"croptopia:ginger":1,"minecraft:trapped_chest":1,"croptopia:hops_seed":4,"minecraft:diamond":10,"magistuarmory:corruptedroundshield":2,"minecraft:granite":5,"minecraft:spruce_sign":1,"croptopia:zucchini_seed":2,"minecraft:diamond_pickaxe":3,"minecraft:allium":2,"croptopia:saguaro_seed":6,"minecraft:red_bed":3,"artifacts:power_glove":5,"croptopia:soybean":3,"minecraft:candle":1,"travelersbackpack:lapis":5,"farmersdelight:straw":67,"minecraft:iron_nugget":5,"minecraft:sugar_cane":19,"minecraft:raw_iron":241,"croptopia:corn_seed":10,"minecraft:raw_gold_block":4,"croptopia:soybean_seed":2,"minecraft:spruce_fence":3,"farmersdelight:tomato_seeds":6,"minecraft:carrot":30,"minecraft:redstone":1,"minecraft:arrow":39,"minecraft:rail":17,"minecraft:stripped_oak_log":36,"artifacts:novelty_drinking_hat":10,"minecraft:glow_ink_sac":1,"minecraft:leather":2,"croptopia:glowing_calamari":4,"minecraft:oak_log":54,"minecraft:gunpowder":36,"artifacts:cloud_in_a_bottle":7,"minecraft:cobblestone_stairs":1,"minecraft:paper":6,"minecraft:orange_terracotta":5,"naturalist:bass":19,"croptopia:olive":1,"minecraft:apple":3,"minecraft:iron_ingot":1,"artifacts:kitty_slippers":8,"minecraft:acacia_sapling":21,"farmersdelight:full_tatami_mat":2,"minecraft:book":55,"minecraft:oak_slab":4,"minecraft:dripstone_block":2,"croptopia:hops":5,"croptopia:rutabaga_seed":3,"croptopia:turmeric_seed":2,"minecraft:blast_furnace":2,"minecraft:white_bed":1,"magistuarmory:rustedchainmail_leggings":5,"minecraft:spider_eye":6,"minecraft:pumpkin_seeds":2,"croptopia:saguaro":2,"magistuarmory:rusted_bastardsword":8,"croptopia:orange":3,"magistuarmory:rustedcrusader_boots":3,"minecraft:lodestone":1,"minecraft:coal":207,"magistuarmory:steel_nugget":1}},"DataVersion":3465}