{"stats":{"minecraft:mined":{"croptopia:cantaloupe_crop":2,"minecraft:white_bed":1,"minecraft:cobbled_deepslate_stairs":1,"croptopia:mustard_crop":11,"minecraft:obsidian":6,"minecraft:granite":3,"minecraft:red_sand":120,"minecraft:acacia_log":18,"minecraft:grass_block":221,"minecraft:oxeye_daisy":1,"minecraft:spawner":7,"minecraft:tall_seagrass":1,"minecraft:iron_ore":208,"minecraft:barrel":1,"minecraft:anvil":1,"minecraft:deepslate_lapis_ore":6,"minecraft:enchanting_table":1,"minecraft:pointed_dripstone":2,"croptopia:apple_crop":4,"minecraft:dirt_path":21,"amendments:wall_lantern":13,"minecraft:spruce_slab":2,"minecraft:cut_sandstone":7,"minecraft:red_bed":3,"minecraft:smoker":1,"minecraft:orange_terracotta":9,"minecraft:blast_furnace":2,"minecraft:poppy":1,"minecraft:chest":1,"minecraft:dead_bush":26,"croptopia:raspberry_crop":1,"minecraft:cobblestone":14,"minecraft:oak_planks":4,"minecraft:sugar_cane":9,"minecraft:wall_torch":1,"minecraft:acacia_sapling":2,"croptopia:zucchini_crop":2,"minecraft:wheat":29,"croptopia:tomatillo_crop":1,"minecraft:magenta_bed":1,"minecraft:jukebox":1,"minecraft:tnt":3,"minecraft:grass":737,"minecraft:oak_log":130,"minecraft:sand":1,"minecraft:dirt":12,"farmersdelight:full_tatami_mat":2,"minecraft:dispenser":1,"minecraft:oak_leaves":100,"minecraft:deepslate":40,"croptopia:cabbage_crop":4,"minecraft:tuff":3,"croptopia:orange_crop":10,"travelersbackpack:lapis":5,"minecraft:deepslate_diamond_ore":10,"minecraft:allium":2,"minecraft:spruce_fence":3,"minecraft:decorated_pot":4,"minecraft:potted_azalea_bush":1,"minecraft:redstone_wire":1,"minecraft:sandstone":4,"minecraft:redstone_ore":1,"croptopia:ginger_crop":1,"minecraft:furnace":1,"minecraft:carrots":8,"minecraft:raw_gold_block":4,"croptopia:corn_crop":54,"croptopia:soybean_crop":2,"minecraft:andesite":11,"minecraft:bookshelf":18,"minecraft:potatoes":5,"minecraft:deepslate_iron_ore":34,"minecraft:rail":8,"minecraft:lantern":17,"minecraft:stone":252,"minecraft:redstone_wall_torch":1,"minecraft:oak_slab":6,"gravestones:gravestone":5,"minecraft:acacia_leaves":3,"croptopia:lettuce_crop":2,"minecraft:dandelion":4,"minecraft:oak_fence":16,"minecraft:stone_slab":2,"minecraft:tall_grass":82,"minecraft:deepslate_coal_ore":24,"minecraft:lapis_ore":1,"minecraft:deepslate_gold_ore":31,"farmersdelight:wild_tomatoes":6,"minecraft:diorite":5,"croptopia:olive_crop":1,"croptopia:spinach_crop":1,"minecraft:spruce_stairs":2,"minecraft:cactus":1,"minecraft:cobblestone_wall":2,"croptopia:plum_crop":4,"minecraft:polished_blackstone_stairs":1,"croptopia:tomato_crop":23,"croptopia:hops_crop":7,"croptopia:turmeric_crop":1,"minecraft:coal_ore":153,"croptopia:saguaro_crop":4,"minecraft:flower_pot":1,"minecraft:cobweb":7,"minecraft:lodestone":1,"croptopia:rutabaga_crop":2,"minecraft:brown_terracotta":35,"minecraft:cracked_stone_bricks":1,"minecraft:polished_blackstone":4,"minecraft:stone_bricks":1,"minecraft:mossy_stone_bricks":1,"minecraft:gold_ore":75},"minecraft:used":{"minecraft:red_sand":39,"minecraft:iron_shovel":367,"croptopia:mustard_seed":8,"minecraft:chest":7,"minecraft:rotten_flesh":14,"croptopia:zucchini":1,"croptopia:cabbage_seed":3,"naturalist:cooked_venison":1,"minecraft:carrot":8,"naturalist:cooked_bass":15,"croptopia:rutabaga_seed":1,"minecraft:lantern":32,"farmersdelight:raw_pasta":1,"farmersdelight:cutting_board":1,"minecraft:bow":3,"minecraft:furnace":2,"magistuarmory:rusted_bastardsword":12,"minecraft:potato":6,"farmersdelight:full_tatami_mat":2,"minecraft:diorite":3,"croptopia:lettuce_seed":1,"minecraft:oak_planks":9,"minecraft:chainmail_helmet":2,"minecraft:sugar_cane":3,"magistuarmory:sallet":4,"magistuarmory:knight_leggings":1,"minecraft:blast_furnace":2,"croptopia:orange":13,"croptopia:plum":4,"minecraft:bread":11,"croptopia:hops_seed":6,"croptopia:toast":34,"minecraft:grindstone":1,"minecraft:smithing_table":1,"minecraft:cobweb":7,"minecraft:bone_meal":96,"croptopia:corn":3,"minecraft:oak_fence":57,"minecraft:enchanting_table":2,"croptopia:popcorn":5,"minecraft:stone_hoe":46,"minecraft:torch":26,"croptopia:saguaro_seed":1,"minecraft:dirt":355,"minecraft:anvil":1,"farmersdelight:flint_knife":128,"minecraft:cobblestone_wall":2,"minecraft:iron_hoe":770,"minecraft:brown_terracotta":8,"minecraft:bookshelf":23,"minecraft:iron_axe":225,"magistuarmory:steel_zweihander":231,"travelersbackpack:hose":5,"croptopia:cooked_calamari":2,"minecraft:beetroot_soup":5,"minecraft:pointed_dripstone":2,"naturalist:bass":4,"minecraft:wheat_seeds":33,"minecraft:water_bucket":11,"farmersdelight:milk_bottle":32,"croptopia:zucchini_seed":1,"minecraft:baked_potato":4,"croptopia:corn_seed":98,"magistuarmory:knight_boots":1,"minecraft:music_disc_cat":1,"minecraft:oak_slab":13,"minecraft:crafting_table":1,"minecraft:red_bed":2,"croptopia:soybean_seed":1,"minecraft:white_bed":2,"minecraft:smoker":1,"magistuarmory:gothic_chestplate":2,"minecraft:oak_log":5,"minecraft:diamond_pickaxe":1027,"minecraft:apple":9,"croptopia:tomato_seed":61,"minecraft:cobblestone":9,"travelersbackpack:standard":1,"minecraft:white_banner":1,"minecraft:cooked_porkchop":6,"minecraft:bucket":9,"minecraft:jukebox":1,"minecraft:candle":1},"minecraft:dropped":{"minecraft:spruce_sign":1,"croptopia:rutabaga":1,"minecraft:lapis_lazuli":61,"minecraft:glass_bottle":2,"minecraft:diamond":1,"magistuarmory:rustedcrusader_chestplate":4,"artifacts:cloud_in_a_bottle":1,"minecraft:rail":10,"minecraft:cobblestone_stairs":1,"minecraft:dirt":28,"minecraft:red_bed":1,"artifacts:novelty_drinking_hat":7,"magistuarmory:rusted_bastardsword":7,"magistuarmory:corruptedroundshield":3,"minecraft:gold_ingot":23,"minecraft:bone":10,"magistuarmory:rustedchainmail_leggings":3,"farmersdelight:canvas":2,"croptopia:toast":25,"minecraft:iron_nugget":5,"minecraft:cobbled_deepslate":4,"minecraft:pointed_dripstone":3,"minecraft:rotten_flesh":17,"minecraft:oak_planks":4,"minecraft:acacia_sapling":15,"minecraft:leather_leggings":1,"minecraft:arrow":1,"magistuarmory:rustedchainmail_boots":4,"minecraft:stone_hoe":1,"minecraft:oak_slab":8,"croptopia:lettuce_seed":1,"minecraft:wheat_seeds":76,"minecraft:oak_fence":3,"minecraft:feather":2,"minecraft:cobblestone":37,"minecraft:book":1,"minecraft:granite":2,"minecraft:copper_ingot":55,"minecraft:activator_rail":2,"minecraft:coal":94,"minecraft:stick":10,"minecraft:magenta_bed":1,"magistuarmory:rustedcrusader_boots":3,"croptopia:knife":1,"minecraft:diorite":1,"minecraft:torch":25,"minecraft:brown_terracotta":13,"minecraft:white_banner":1,"magistuarmory:rustedbarbute":1,"minecraft:cactus":6,"croptopia:popcorn":4,"minecraft:cobblestone_wall":6,"minecraft:bowl":5,"croptopia:ginger":1,"minecraft:iron_boots":1,"minecraft:stripped_oak_log":5,"croptopia:corn_seed":1,"minecraft:stone_slab":5,"magistuarmory:rusted_heavymace":1,"magistuarmory:steel_nugget":2,"gravestones:gravestone":4,"minecraft:pumpkin_seeds":2,"minecraft:stone":4,"minecraft:flower_pot":1,"minecraft:allium":2,"minecraft:diamond_chestplate":1,"minecraft:diamond_pickaxe":2,"minecraft:oak_sapling":8,"minecraft:spider_eye":4,"minecraft:red_sand":7,"minecraft:bow":3},"minecraft:custom":{"minecraft:interact_with_crafting_table":89,"minecraft:open_barrel":66,"minecraft:eat_cake_slice":5,"minecraft:leave_game":9,"minecraft:time_since_death":152389,"minecraft:sprint_one_cm":804150,"minecraft:drop":135,"minecraft:talked_to_villager":2,"minecraft:play_time":433117,"minecraft:deaths":5,"minecraft:interact_with_brewingstand":1,"minecraft:jump":5897,"minecraft:walk_on_water_one_cm":41483,"minecraft:enchant_item":5,"minecraft:interact_with_furnace":50,"minecraft:play_record":1,"minecraft:interact_with_cartography_table":2,"minecraft:sleep_in_bed":13,"minecraft:damage_dealt":19213,"minecraft:player_kills":3,"minecraft:crouch_one_cm":13109,"minecraft:interact_with_smoker":69,"minecraft:inspect_dispenser":1,"minecraft:interact_with_smithing_table":12,"minecraft:interact_with_anvil":2,"minecraft:mob_kills":237,"minecraft:inspect_hopper":1,"minecraft:climb_one_cm":16825,"minecraft:walk_one_cm":769218,"minecraft:sneak_time":3127,"minecraft:walk_under_water_one_cm":17785,"minecraft:interact_with_lectern":3,"minecraft:interact_with_blast_furnace":111,"minecraft:total_world_time":433117,"minecraft:interact_with_grindstone":2,"minecraft:time_since_rest":52707,"minecraft:damage_taken":6304,"minecraft:trigger_trapped_chest":2,"minecraft:swim_one_cm":78253,"minecraft:fly_one_cm":2028593,"minecraft:open_chest":277,"minecraft:fall_one_cm":554568},"minecraft:killed":{"minecraft:spider":26,"naturalist:boar":4,"minecraft:skeleton":42,"minecraft:silverfish":10,"artifacts:mimic":2,"minecraft:pig":4,"minecraft:creeper":39,"minecraft:pillager":7,"minecraft:zombie":58,"minecraft:glow_squid":1,"naturalist:tortoise":1,"naturalist:bass":19,"minecraft:drowned":2,"naturalist:vulture":1,"minecraft:husk":13,"minecraft:bat":3,"minecraft:player":3},"minecraft:crafted":{"minecraft:grindstone":1,"minecraft:oak_planks":354,"minecraft:smooth_stone":10,"farmersdelight:canvas":3,"croptopia:toast":59,"minecraft:stone":17,"croptopia:popcorn":9,"farmersdelight:rope":4,"minecraft:bookshelf":23,"naturalist:cooked_bass":15,"minecraft:glass":64,"minecraft:bow":1,"minecraft:raw_copper":36,"magistuarmory:sallet":1,"croptopia:flour":19,"minecraft:chest":8,"minecraft:stone_bricks":4,"minecraft:oak_fence":45,"magistuarmory:steel_nugget":1,"minecraft:oak_slab":12,"travelersbackpack:iron_tier_upgrade":1,"minecraft:cooked_porkchop":10,"minecraft:crafting_table":1,"minecraft:baked_potato":8,"croptopia:corn_seed":39,"minecraft:smithing_table":1,"minecraft:copper_ingot":55,"farmersdelight:wheat_dough":3,"farmersdelight:tatami":2,"farmersdelight:full_tatami_mat":2,"farmersdelight:cutting_board":1,"minecraft:charcoal":50,"croptopia:molasses":6,"minecraft:stick":24,"minecraft:stone_slab":6,"minecraft:iron_ingot":265,"minecraft:gold_ingot":167,"croptopia:apple_sapling":2,"croptopia:hops_seed":5,"minecraft:iron_nugget":1,"magistuarmory:knight_boots":1,"minecraft:bone_meal":90,"travelersbackpack:blank_upgrade":4,"travelersbackpack:gold_tier_upgrade":1,"croptopia:saguaro_seed":1,"minecraft:iron_axe":1,"magistuarmory:steel_ingot":27,"minecraft:iron_hoe":2,"minecraft:cobblestone_wall":6,"croptopia:cooked_calamari":4,"magistuarmory:barbute":1,"magistuarmory:steel_plate":12,"travelersbackpack:diamond_tier_upgrade":1,"minecraft:enchanting_table":1,"travelersbackpack:backpack_tank":2,"minecraft:bucket":2,"minecraft:bread":33,"minecraft:air":0,"minecraft:white_wool":1,"croptopia:tomato_seed":23,"minecraft:golden_apple":1,"minecraft:raw_gold":36,"croptopia:lettuce_seed":3,"minecraft:iron_shovel":1,"minecraft:white_bed":1,"minecraft:acacia_planks":72,"minecraft:torch":16,"farmersdelight:straw_bale":6},"minecraft:killed_by":{"minecraft:drowned":1,"minecraft:zombie":2,"minecraft:skeleton":2},"minecraft:broken":{"magistuarmory:knight_boots":1,"minecraft:iron_shovel":1,"magistuarmory:sallet":1,"minecraft:iron_hoe":1,"minecraft:iron_axe":1},"minecraft:picked_up":{"minecraft:wheat":111,"croptopia:zucchini":6,"minecraft:flower_pot":1,"minecraft:anvil":1,"croptopia:tomatillo_seed":1,"minecraft:stone_slab":4,"croptopia:cabbage_seed":10,"minecraft:music_disc_cat":1,"minecraft:string":22,"croptopia:lettuce":4,"croptopia:cantaloupe":1,"minecraft:raw_copper":19,"minecraft:activator_rail":2,"minecraft:red_sand":119,"minecraft:tnt_minecart":1,"minecraft:cobbled_deepslate":43,"croptopia:mustard_seed":25,"minecraft:furnace":1,"minecraft:stick":40,"minecraft:jukebox":1,"minecraft:brown_terracotta":35,"minecraft:oak_fence":15,"minecraft:torch":56,"croptopia:rutabaga":6,"minecraft:acacia_log":18,"croptopia:olive_seed":2,"magistuarmory:rusted_heavymace":2,"minecraft:porkchop":10,"croptopia:ginger_seed":2,"minecraft:pointed_dripstone":5,"minecraft:diorite":4,"magistuarmory:rustedcrusader_chestplate":4,"farmersdelight:canvas":2,"minecraft:cactus":6,"minecraft:rotten_flesh":52,"farmersdelight:tree_bark":31,"croptopia:raspberry_seed":1,"farmersdelight:raw_pasta":3,"minecraft:obsidian":6,"croptopia:cabbage":9,"minecraft:cobblestone":287,"croptopia:lettuce_seed":6,"minecraft:enchanting_table":1,"minecraft:feather":2,"magistuarmory:rustedchainmail_boots":3,"minecraft:smoker":1,"minecraft:potato":37,"croptopia:spinach":1,"minecraft:magenta_bed":1,"artifacts:flame_pendant":7,"minecraft:lapis_lazuli":98,"minecraft:dirt":229,"minecraft:lantern":32,"minecraft:name_tag":1,"minecraft:bone":46,"croptopia:corn":57,"minecraft:bow":3,"minecraft:wheat_seeds":321,"minecraft:raw_gold":118,"minecraft:oak_planks":33,"croptopia:plum":4,"croptopia:turmeric":1,"croptopia:mustard":25,"croptopia:ginger":1,"minecraft:trapped_chest":1,"croptopia:hops_seed":14,"minecraft:diamond":10,"magistuarmory:corruptedroundshield":3,"minecraft:granite":5,"minecraft:crossbow":1,"minecraft:spruce_sign":1,"minecraft:oak_sapling":14,"croptopia:zucchini_seed":5,"minecraft:diamond_pickaxe":3,"minecraft:crafting_table":1,"minecraft:allium":2,"croptopia:saguaro_seed":7,"minecraft:red_bed":3,"artifacts:power_glove":6,"croptopia:soybean":4,"minecraft:candle":1,"croptopia:tomatillo":1,"croptopia:tomato_seed":38,"travelersbackpack:lapis":5,"farmersdelight:straw":67,"minecraft:iron_nugget":5,"minecraft:sugar_cane":25,"minecraft:chest":1,"minecraft:raw_iron":241,"croptopia:corn_seed":83,"minecraft:stone":4,"minecraft:raw_gold_block":4,"croptopia:soybean_seed":3,"magistuarmory:rustedbarbute":1,"minecraft:spruce_fence":3,"farmersdelight:tomato_seeds":6,"croptopia:knife":1,"minecraft:carrot":61,"minecraft:redstone":1,"croptopia:cantaloupe_seed":3,"minecraft:arrow":41,"gravestones:gravestone":4,"minecraft:rail":17,"minecraft:stripped_oak_log":36,"artifacts:novelty_drinking_hat":15,"minecraft:glow_ink_sac":1,"minecraft:leather":2,"croptopia:glowing_calamari":4,"minecraft:oak_log":142,"minecraft:cobblestone_wall":2,"minecraft:gunpowder":36,"artifacts:cloud_in_a_bottle":7,"minecraft:cobblestone_stairs":1,"minecraft:paper":6,"minecraft:white_banner":3,"minecraft:orange_terracotta":9,"naturalist:bass":19,"croptopia:olive":1,"minecraft:apple":8,"minecraft:iron_ingot":1,"croptopia:raspberry":1,"artifacts:kitty_slippers":8,"croptopia:tomato":23,"minecraft:glass_bottle":1,"minecraft:acacia_sapling":21,"farmersdelight:full_tatami_mat":2,"minecraft:book":55,"minecraft:oak_slab":9,"minecraft:dripstone_block":2,"croptopia:hops":13,"croptopia:rutabaga_seed":5,"croptopia:turmeric_seed":2,"minecraft:blast_furnace":2,"minecraft:white_bed":1,"magistuarmory:rustedchainmail_leggings":5,"minecraft:spider_eye":8,"minecraft:pumpkin_seeds":2,"croptopia:saguaro":3,"magistuarmory:rusted_bastardsword":8,"magistuarmory:rustedcrusader_boots":3,"croptopia:orange":7,"minecraft:lodestone":1,"minecraft:coal":301,"magistuarmory:steel_nugget":1}},"DataVersion":3465}