{"stats":{"minecraft:custom":{"minecraft:interact_with_crafting_table":128,"minecraft:open_barrel":96,"minecraft:eat_cake_slice":11,"minecraft:leave_game":18,"minecraft:time_since_death":41133,"minecraft:sprint_one_cm":1187850,"minecraft:drop":189,"minecraft:talked_to_villager":2,"minecraft:play_time":657345,"minecraft:deaths":8,"minecraft:interact_with_brewingstand":1,"minecraft:jump":8664,"minecraft:walk_on_water_one_cm":79168,"minecraft:enchant_item":12,"minecraft:interact_with_furnace":68,"minecraft:play_record":2,"minecraft:interact_with_cartography_table":2,"minecraft:sleep_in_bed":19,"minecraft:damage_dealt":39466,"minecraft:player_kills":3,"minecraft:crouch_one_cm":14415,"minecraft:interact_with_smoker":88,"minecraft:inspect_dispenser":1,"minecraft:interact_with_smithing_table":16,"minecraft:interact_with_anvil":4,"minecraft:mob_kills":505,"minecraft:inspect_hopper":1,"minecraft:climb_one_cm":28739,"minecraft:walk_one_cm":1064205,"minecraft:sneak_time":4509,"minecraft:walk_under_water_one_cm":72242,"minecraft:interact_with_lectern":3,"minecraft:interact_with_blast_furnace":190,"minecraft:total_world_time":657345,"minecraft:interact_with_grindstone":8,"minecraft:time_since_rest":27077,"minecraft:damage_taken":10957,"minecraft:damage_absorbed":130,"minecraft:trigger_trapped_chest":2,"minecraft:swim_one_cm":196641,"minecraft:fly_one_cm":3387946,"minecraft:open_chest":464,"minecraft:fall_one_cm":925111},"minecraft:picked_up":{"minecraft:wheat":111,"croptopia:zucchini":6,"minecraft:flower_pot":1,"minecraft:anvil":1,"croptopia:kale":1,"croptopia:tomatillo_seed":1,"minecraft:stone_slab":4,"croptopia:calamari":8,"croptopia:cabbage_seed":10,"minecraft:music_disc_cat":2,"minecraft:string":39,"croptopia:lettuce":28,"croptopia:cantaloupe":1,"minecraft:raw_copper":114,"minecraft:activator_rail":2,"minecraft:red_sand":120,"minecraft:tnt_minecart":1,"minecraft:cobbled_deepslate":43,"croptopia:mustard_seed":25,"minecraft:deepslate_iron_ore":12,"minecraft:furnace":1,"minecraft:stick":49,"farmersdelight:potato_crate":1,"minecraft:jukebox":1,"minecraft:brown_terracotta":99,"minecraft:oak_fence":15,"minecraft:torch":59,"croptopia:rutabaga":6,"minecraft:acacia_log":18,"croptopia:olive_seed":2,"magistuarmory:rusted_heavymace":3,"minecraft:porkchop":10,"croptopia:ginger_seed":2,"minecraft:pointed_dripstone":5,"minecraft:diorite":4,"magistuarmory:rustedcrusader_chestplate":5,"farmersdelight:canvas":2,"minecraft:cactus":6,"minecraft:rotten_flesh":90,"farmersdelight:onion":9,"farmersdelight:tree_bark":56,"croptopia:raspberry_seed":1,"artifacts:panic_necklace":3,"farmersdelight:raw_pasta":3,"minecraft:obsidian":6,"croptopia:cabbage":9,"minecraft:cobblestone":465,"croptopia:lettuce_seed":16,"minecraft:enchanting_table":1,"minecraft:feather":2,"magistuarmory:rustedchainmail_boots":5,"minecraft:andesite":62,"farmersdelight:safety_net":4,"minecraft:smoker":1,"minecraft:potato":37,"croptopia:spinach":1,"minecraft:magenta_bed":1,"artifacts:flame_pendant":7,"minecraft:lapis_lazuli":98,"minecraft:dirt":231,"minecraft:lantern":32,"minecraft:name_tag":1,"minecraft:bone":85,"croptopia:corn":58,"minecraft:bow":7,"minecraft:wheat_seeds":322,"minecraft:raw_gold":187,"croptopia:roe":17,"croptopia:kale_seed":2,"minecraft:oak_planks":33,"croptopia:chile_pepper_seed":2,"croptopia:plum":4,"croptopia:turmeric":1,"croptopia:mustard":26,"croptopia:ginger":1,"minecraft:ink_sac":13,"minecraft:trapped_chest":1,"croptopia:chile_pepper":1,"minecraft:light_gray_terracotta":1,"croptopia:hops_seed":14,"minecraft:sugar":2,"minecraft:diamond":20,"minecraft:deepslate":12,"minecraft:deepslate_gold_ore":23,"magistuarmory:corruptedroundshield":5,"minecraft:crossbow":1,"minecraft:granite":5,"minecraft:spruce_sign":1,"minecraft:oak_sapling":14,"croptopia:zucchini_seed":5,"minecraft:diamond_pickaxe":3,"minecraft:charcoal":2,"minecraft:crafting_table":1,"minecraft:allium":6,"minecraft:clay_ball":28,"minecraft:leather_leggings":1,"croptopia:saguaro_seed":7,"minecraft:red_bed":3,"artifacts:power_glove":9,"croptopia:soybean":4,"minecraft:candle":2,"croptopia:tomatillo":1,"croptopia:tomato_seed":96,"minecraft:deepslate_diamond_ore":6,"travelersbackpack:lapis":7,"minecraft:beef":4,"farmersdelight:straw":70,"croptopia:pepper_seed":6,"minecraft:iron_nugget":5,"minecraft:sugar_cane":25,"minecraft:chest":1,"minecraft:raw_iron":339,"croptopia:corn_seed":83,"minecraft:stone":7,"minecraft:raw_gold_block":4,"croptopia:soybean_seed":3,"magistuarmory:rustedbarbute":1,"minecraft:spruce_fence":3,"farmersdelight:tomato_seeds":6,"croptopia:knife":1,"minecraft:carrot":61,"minecraft:redstone":19,"artifacts:everlasting_beef":1,"minecraft:arrow":97,"croptopia:cantaloupe_seed":3,"artifacts:snowshoes":1,"minecraft:yellow_terracotta":1,"croptopia:pepper":6,"croptopia:salt":38,"minecraft:rail":17,"minecraft:stripped_oak_log":61,"magistuarmory:rustedhalfarmor_chestplate":1,"artifacts:novelty_drinking_hat":18,"minecraft:glow_ink_sac":1,"minecraft:salmon":17,"minecraft:leather":4,"croptopia:glowing_calamari":4,"minecraft:birch_planks":1,"minecraft:oak_log":192,"minecraft:cobblestone_wall":7,"minecraft:gunpowder":72,"artifacts:cloud_in_a_bottle":10,"minecraft:cobblestone_stairs":1,"minecraft:paper":6,"minecraft:white_banner":4,"minecraft:orange_terracotta":202,"naturalist:bass":76,"croptopia:olive":1,"minecraft:cobweb":4,"minecraft:apple":14,"minecraft:iron_ingot":3,"croptopia:raspberry":2,"artifacts:kitty_slippers":11,"croptopia:tomato":116,"minecraft:glass_bottle":1,"minecraft:acacia_sapling":21,"farmersdelight:full_tatami_mat":2,"minecraft:book":55,"minecraft:sculk_catalyst":2,"minecraft:oak_slab":9,"croptopia:apricot":1,"minecraft:dripstone_block":2,"croptopia:hops":13,"croptopia:rutabaga_seed":5,"croptopia:turmeric_seed":2,"minecraft:blast_furnace":3,"minecraft:white_bed":1,"minecraft:gold_ore":2,"magistuarmory:rustedchainmail_leggings":8,"minecraft:spider_eye":15,"magistuarmory:rustedchainmail_helmet":1,"minecraft:pumpkin_seeds":2,"croptopia:saguaro":3,"minecraft:coal_ore":26,"minecraft:slime_ball":2,"minecraft:campfire":3,"magistuarmory:rusted_bastardsword":11,"magistuarmory:rustedcrusader_boots":4,"croptopia:orange":7,"minecraft:lodestone":1,"minecraft:terracotta":27,"minecraft:coal":514,"magistuarmory:steel_nugget":1},"minecraft:used":{"minecraft:red_sand":39,"minecraft:iron_shovel":387,"travelersbackpack:lapis":1,"croptopia:mustard_seed":8,"minecraft:chest":7,"minecraft:rotten_flesh":15,"croptopia:zucchini":1,"croptopia:cabbage_seed":3,"naturalist:cooked_venison":1,"minecraft:carrot":8,"naturalist:cooked_bass":15,"croptopia:rutabaga_seed":1,"minecraft:coal_ore":26,"minecraft:lantern":32,"croptopia:pepper_seed":6,"farmersdelight:raw_pasta":1,"minecraft:deepslate_diamond_ore":6,"farmersdelight:cutting_board":1,"minecraft:bow":13,"magistuarmory:rusted_bastardsword":12,"minecraft:furnace":2,"farmersdelight:safety_net":4,"minecraft:potato":6,"farmersdelight:full_tatami_mat":2,"minecraft:diorite":3,"croptopia:tomato":16,"croptopia:lettuce_seed":18,"minecraft:oak_planks":10,"artifacts:eternal_steak":29,"minecraft:chainmail_helmet":2,"minecraft:sugar_cane":3,"minecraft:diamond_axe":8,"magistuarmory:sallet":4,"minecraft:golden_apple":5,"naturalist:snail_bucket":2,"magistuarmory:knight_leggings":1,"croptopia:fish_and_chips":4,"minecraft:blast_furnace":3,"croptopia:orange":13,"croptopia:plum":4,"minecraft:deepslate_iron_ore":12,"minecraft:bread":12,"croptopia:hops_seed":6,"croptopia:toast":34,"minecraft:grindstone":1,"minecraft:smithing_table":1,"minecraft:cobweb":7,"minecraft:bone_meal":120,"croptopia:corn":4,"minecraft:oak_fence":57,"minecraft:enchanting_table":2,"croptopia:popcorn":6,"minecraft:deepslate_gold_ore":22,"minecraft:stone_hoe":46,"minecraft:torch":33,"croptopia:saguaro_seed":1,"minecraft:dirt":355,"minecraft:anvil":1,"farmersdelight:flint_knife":130,"minecraft:cobblestone_wall":2,"minecraft:iron_hoe":842,"minecraft:brown_terracotta":8,"minecraft:bookshelf":23,"minecraft:iron_axe":288,"magistuarmory:steel_zweihander":477,"travelersbackpack:hose":5,"croptopia:cooked_calamari":2,"croptopia:raspberry_seed":2,"minecraft:beetroot_soup":7,"farmersdelight:potato_crate":1,"minecraft:pointed_dripstone":2,"naturalist:bass":4,"minecraft:wheat_seeds":33,"minecraft:water_bucket":21,"farmersdelight:milk_bottle":32,"croptopia:zucchini_seed":1,"minecraft:baked_potato":8,"croptopia:corn_seed":98,"magistuarmory:knight_boots":3,"minecraft:gold_ore":2,"farmersdelight:canvas_sign":1,"justhammers:diamond_hammer":235,"croptopia:soybean_seed":1,"minecraft:music_disc_cat":2,"minecraft:crafting_table":1,"minecraft:oak_slab":13,"minecraft:red_bed":2,"minecraft:white_bed":2,"minecraft:campfire":3,"minecraft:smoker":1,"magistuarmory:gothic_chestplate":2,"minecraft:oak_log":5,"minecraft:diamond_pickaxe":1516,"minecraft:apple":9,"croptopia:tomato_seed":80,"travelersbackpack:standard":1,"minecraft:cobblestone":14,"minecraft:white_banner":2,"minecraft:cooked_porkchop":6,"minecraft:bucket":17,"minecraft:sculk_catalyst":1,"minecraft:jukebox":1,"minecraft:candle":2},"minecraft:killed":{"minecraft:witch":3,"minecraft:spider":53,"naturalist:boar":4,"naturalist:snail":3,"minecraft:skeleton":92,"minecraft:silverfish":10,"artifacts:mimic":4,"minecraft:pig":4,"minecraft:zombie_villager":1,"naturalist:firefly":1,"minecraft:salmon":18,"minecraft:creeper":71,"minecraft:pillager":12,"minecraft:zombie":104,"minecraft:glow_squid":1,"minecraft:cow":2,"naturalist:tortoise":1,"naturalist:bass":80,"minecraft:drowned":4,"naturalist:vulture":1,"minecraft:husk":13,"naturalist:bear":1,"minecraft:bat":4,"minecraft:squid":8,"minecraft:player":3,"minecraft:enderman":4},"minecraft:mined":{"croptopia:cantaloupe_crop":2,"croptopia:pepper_crop":2,"minecraft:spruce_planks":3,"minecraft:white_bed":1,"minecraft:cobbled_deepslate_stairs":1,"minecraft:sculk_vein":16,"croptopia:mustard_crop":12,"minecraft:obsidian":6,"minecraft:granite":4,"minecraft:red_sand":123,"minecraft:acacia_log":18,"minecraft:grass_block":222,"minecraft:oxeye_daisy":1,"minecraft:spawner":8,"minecraft:tall_seagrass":3,"minecraft:sculk_catalyst":2,"minecraft:iron_ore":243,"minecraft:barrel":1,"minecraft:anvil":1,"minecraft:deepslate_lapis_ore":6,"minecraft:enchanting_table":1,"minecraft:pointed_dripstone":3,"croptopia:apple_crop":4,"minecraft:dirt_path":21,"amendments:wall_lantern":13,"minecraft:spruce_slab":2,"minecraft:deepslate_redstone_ore":19,"minecraft:cut_sandstone":7,"minecraft:red_bed":3,"minecraft:smoker":1,"minecraft:orange_terracotta":33,"farmersdelight:potato_crate":1,"minecraft:clay":7,"minecraft:torch":1,"minecraft:blast_furnace":3,"minecraft:poppy":1,"minecraft:chest":1,"minecraft:dead_bush":27,"farmersdelight:safety_net":4,"croptopia:raspberry_crop":1,"minecraft:cobblestone":17,"minecraft:oak_planks":4,"minecraft:sugar_cane":9,"minecraft:wall_torch":3,"minecraft:deepslate_copper_ore":5,"minecraft:acacia_sapling":2,"croptopia:zucchini_crop":2,"minecraft:wheat":29,"minecraft:magenta_bed":1,"croptopia:tomatillo_crop":1,"minecraft:jukebox":1,"minecraft:tnt":3,"croptopia:chile_pepper_crop":1,"minecraft:grass":740,"minecraft:oak_log":180,"croptopia:salt_ore":11,"minecraft:sand":1,"minecraft:dirt":18,"farmersdelight:full_tatami_mat":2,"minecraft:dispenser":1,"minecraft:oak_leaves":110,"minecraft:deepslate":57,"croptopia:cabbage_crop":4,"minecraft:yellow_terracotta":1,"croptopia:cucumber_crop":1,"minecraft:tuff":3,"croptopia:orange_crop":10,"travelersbackpack:lapis":7,"minecraft:deepslate_diamond_ore":22,"croptopia:kale_crop":1,"minecraft:allium":2,"minecraft:spruce_fence":3,"minecraft:decorated_pot":4,"minecraft:potted_azalea_bush":1,"minecraft:redstone_wire":1,"minecraft:spruce_leaves":24,"minecraft:sandstone":4,"farmersdelight:wild_onions":10,"minecraft:redstone_ore":5,"croptopia:ginger_crop":1,"minecraft:furnace":1,"minecraft:carrots":8,"minecraft:raw_gold_block":4,"croptopia:corn_crop":55,"croptopia:soybean_crop":2,"minecraft:andesite":12,"minecraft:bookshelf":18,"minecraft:potatoes":5,"minecraft:deepslate_iron_ore":75,"minecraft:vine":1,"minecraft:rail":8,"minecraft:lantern":17,"minecraft:stone":361,"minecraft:redstone_wall_torch":1,"minecraft:oak_slab":6,"minecraft:acacia_leaves":3,"croptopia:lettuce_crop":3,"minecraft:dandelion":4,"minecraft:oak_fence":16,"minecraft:campfire":4,"minecraft:stone_slab":2,"minecraft:copper_ore":22,"minecraft:tall_grass":83,"minecraft:deepslate_coal_ore":24,"minecraft:lapis_ore":1,"farmersdelight:wild_tomatoes":6,"minecraft:deepslate_gold_ore":78,"minecraft:sculk":3,"minecraft:diorite":8,"croptopia:olive_crop":1,"croptopia:spinach_crop":1,"minecraft:spruce_stairs":2,"minecraft:cactus":1,"minecraft:cobblestone_wall":8,"croptopia:plum_crop":4,"minecraft:polished_blackstone_stairs":1,"croptopia:tomato_crop":23,"croptopia:hops_crop":7,"croptopia:turmeric_crop":1,"minecraft:coal_ore":262,"croptopia:saguaro_crop":4,"minecraft:flower_pot":1,"minecraft:cobweb":8,"minecraft:lodestone":1,"croptopia:rutabaga_crop":2,"minecraft:brown_terracotta":35,"minecraft:cracked_stone_bricks":1,"minecraft:polished_blackstone":4,"minecraft:stone_bricks":1,"minecraft:mossy_stone_bricks":1,"minecraft:gold_ore":89},"minecraft:killed_by":{"minecraft:drowned":1,"minecraft:zombie":3,"minecraft:skeleton":2},"minecraft:crafted":{"minecraft:grindstone":1,"minecraft:smooth_stone":10,"minecraft:oak_planks":418,"farmersdelight:canvas":16,"croptopia:toast":59,"croptopia:raspberry_seed":1,"minecraft:stone":17,"croptopia:popcorn":15,"farmersdelight:rope":40,"minecraft:bookshelf":23,"naturalist:cooked_bass":15,"magistuarmory:diamond_zweihander":1,"farmersdelight:safety_net":2,"minecraft:glass":64,"minecraft:bow":1,"minecraft:raw_copper":36,"justhammers:diamond_hammer":1,"magistuarmory:sallet":1,"croptopia:flour":19,"minecraft:chest":8,"minecraft:stone_bricks":4,"minecraft:oak_fence":45,"magistuarmory:steel_nugget":5,"minecraft:oak_slab":12,"magistuarmory:diamond_shortsword":1,"travelersbackpack:iron_tier_upgrade":1,"minecraft:cooked_porkchop":10,"minecraft:crafting_table":1,"minecraft:baked_potato":8,"croptopia:corn_seed":39,"minecraft:smithing_table":1,"minecraft:copper_ingot":182,"farmersdelight:wheat_dough":3,"farmersdelight:tatami":2,"farmersdelight:full_tatami_mat":2,"farmersdelight:cutting_board":1,"minecraft:diamond_pickaxe":1,"minecraft:charcoal":50,"croptopia:molasses":6,"minecraft:stick":44,"minecraft:stone_slab":6,"minecraft:iron_ingot":303,"minecraft:gold_ingot":193,"croptopia:fish_and_chips":4,"magistuarmory:leather_strip":6,"artifacts:eternal_steak":1,"croptopia:apple_sapling":2,"croptopia:hops_seed":5,"farmersdelight:canvas_sign":18,"minecraft:iron_nugget":6,"farmersdelight:potato_crate":4,"magistuarmory:knight_boots":1,"minecraft:bone_meal":114,"travelersbackpack:blank_upgrade":4,"travelersbackpack:gold_tier_upgrade":1,"croptopia:saguaro_seed":1,"magistuarmory:hilt":6,"farmersdelight:carrot_crate":7,"minecraft:iron_axe":1,"magistuarmory:steel_ingot":27,"minecraft:iron_hoe":3,"farmersdelight:straw":54,"minecraft:cobblestone_wall":6,"croptopia:cooked_calamari":4,"magistuarmory:barbute":1,"magistuarmory:steel_plate":12,"croptopia:frying_pan":1,"travelersbackpack:diamond_tier_upgrade":1,"minecraft:enchanting_table":1,"travelersbackpack:backpack_tank":2,"minecraft:bucket":2,"minecraft:bread":33,"minecraft:air":0,"minecraft:white_wool":1,"croptopia:tomato_seed":36,"minecraft:golden_apple":1,"minecraft:raw_gold":36,"croptopia:lettuce_seed":6,"minecraft:iron_shovel":1,"minecraft:white_bed":1,"minecraft:acacia_planks":72,"minecraft:torch":16,"farmersdelight:straw_bale":6},"minecraft:dropped":{"minecraft:spruce_sign":1,"minecraft:birch_planks":1,"croptopia:rutabaga":1,"minecraft:lapis_lazuli":61,"minecraft:glass_bottle":2,"minecraft:diamond":1,"magistuarmory:rustedcrusader_chestplate":4,"artifacts:cloud_in_a_bottle":1,"minecraft:rail":10,"croptopia:apricot":1,"minecraft:cobblestone_stairs":1,"croptopia:tomato_seed":1,"minecraft:dirt":28,"minecraft:red_bed":1,"artifacts:novelty_drinking_hat":7,"magistuarmory:rusted_bastardsword":8,"magistuarmory:corruptedroundshield":5,"minecraft:gold_ingot":23,"minecraft:bone":10,"magistuarmory:rustedchainmail_leggings":3,"croptopia:toast":25,"farmersdelight:canvas":2,"minecraft:iron_nugget":5,"minecraft:cobbled_deepslate":4,"minecraft:pointed_dripstone":3,"minecraft:rotten_flesh":44,"minecraft:oak_planks":4,"minecraft:salmon":1,"minecraft:acacia_sapling":15,"minecraft:leather_leggings":2,"minecraft:arrow":1,"minecraft:beef":4,"magistuarmory:rustedchainmail_boots":4,"minecraft:stone_hoe":1,"minecraft:oak_slab":8,"croptopia:lettuce_seed":1,"minecraft:wheat_seeds":77,"minecraft:oak_fence":3,"minecraft:yellow_terracotta":1,"minecraft:feather":2,"minecraft:cobblestone":56,"minecraft:book":1,"minecraft:granite":2,"minecraft:copper_ingot":55,"minecraft:activator_rail":2,"minecraft:coal":94,"minecraft:stick":13,"minecraft:magenta_bed":1,"magistuarmory:rustedcrusader_boots":3,"minecraft:cobweb":4,"croptopia:knife":1,"minecraft:diorite":1,"minecraft:ink_sac":3,"minecraft:sculk_catalyst":1,"minecraft:torch":25,"croptopia:tomato":1,"minecraft:brown_terracotta":77,"minecraft:white_banner":1,"magistuarmory:rustedbarbute":1,"minecraft:cactus":6,"minecraft:string":8,"croptopia:popcorn":4,"minecraft:music_disc_cat":1,"minecraft:acacia_planks":1,"minecraft:cobblestone_wall":11,"minecraft:light_gray_terracotta":1,"minecraft:bowl":7,"croptopia:ginger":1,"minecraft:iron_hoe":1,"minecraft:iron_boots":2,"minecraft:stripped_oak_log":5,"croptopia:corn_seed":1,"magistuarmory:rusted_heavymace":2,"minecraft:stone_slab":5,"farmersdelight:straw":4,"magistuarmory:steel_nugget":2,"minecraft:pumpkin_seeds":2,"minecraft:stone":4,"minecraft:flower_pot":1,"minecraft:allium":6,"minecraft:diamond_chestplate":1,"minecraft:orange_terracotta":195,"minecraft:diamond_pickaxe":2,"minecraft:oak_sapling":8,"minecraft:spider_eye":10,"minecraft:red_sand":9,"minecraft:bow":5,"artifacts:snowshoes":1,"minecraft:terracotta":27},"minecraft:broken":{"magistuarmory:knight_boots":2,"minecraft:iron_shovel":1,"magistuarmory:sallet":1,"minecraft:iron_hoe":1,"minecraft:iron_axe":1}},"DataVersion":3465}