{"stats":{"minecraft:dropped":{"minecraft:glass_bottle":2,"minecraft:emerald":1,"minecraft:iron_shovel":2,"minecraft:dark_oak_planks":1,"minecraft:stone_axe":2,"minecraft:stone_sword":2,"minecraft:oak_planks":3,"minecraft:wooden_pickaxe":1,"minecraft:stone_pickaxe":2},"minecraft:killed":{"naturalist:duck":1,"minecraft:skeleton":4,"minecraft:husk":1,"minecraft:creeper":2,"naturalist:finch":2,"minecraft:zombie":6},"minecraft:broken":{"minecraft:iron_shovel":2,"magistuarmory:corruptedroundshield":1,"minecraft:stone_pickaxe":6,"minecraft:stone_axe":2,"minecraft:golden_pickaxe":1},"minecraft:mined":{"minecraft:dark_oak_planks":2,"minecraft:tuff":2,"minecraft:spruce_planks":55,"croptopia:orange_crop":28,"minecraft:mossy_cobblestone":1,"minecraft:cobblestone_stairs":6,"minecraft:dark_oak_log":3,"croptopia:persimmon_crop":8,"minecraft:granite":3,"minecraft:acacia_log":30,"minecraft:allium":1,"minecraft:grass_block":182,"minecraft:spruce_fence":5,"minecraft:spruce_leaves":50,"minecraft:sandstone":36,"minecraft:hay_block":26,"farmersdelight:wild_onions":1,"minecraft:iron_ore":34,"minecraft:andesite":4,"croptopia:apple_crop":2,"minecraft:vine":32,"minecraft:stripped_oak_log":2,"minecraft:stone":718,"minecraft:acacia_leaves":4,"minecraft:soul_fire":1,"travelersbackpack:standard":2,"minecraft:torch":1,"minecraft:emerald_ore":2,"minecraft:dead_bush":23,"minecraft:copper_ore":7,"minecraft:cobblestone":29,"farmersdelight:wild_tomatoes":27,"minecraft:sugar_cane":2,"minecraft:diorite":26,"minecraft:wall_torch":1,"minecraft:skeleton_skull":3,"croptopia:leek_crop":1,"minecraft:birch_log":6,"minecraft:birch_leaves":40,"croptopia:apricot_crop":6,"minecraft:grass":8,"minecraft:oak_log":182,"minecraft:coal_ore":128,"croptopia:saguaro_crop":1,"minecraft:gravel":1,"minecraft:sand":32,"minecraft:dirt":349,"minecraft:stone_bricks":2,"minecraft:oak_leaves":87,"minecraft:deepslate":2},"minecraft:custom":{"minecraft:interact_with_smithing_table":1,"minecraft:mob_kills":19,"minecraft:interact_with_crafting_table":53,"minecraft:open_barrel":4,"minecraft:bell_ring":13,"minecraft:leave_game":2,"minecraft:time_since_death":88541,"minecraft:climb_one_cm":50712,"minecraft:sprint_one_cm":454518,"minecraft:walk_one_cm":648455,"minecraft:damage_blocked_by_shield":195,"minecraft:drop":13,"minecraft:play_time":237789,"minecraft:deaths":16,"minecraft:sneak_time":9218,"minecraft:walk_under_water_one_cm":9399,"minecraft:jump":3272,"minecraft:walk_on_water_one_cm":27207,"minecraft:total_world_time":237789,"minecraft:interact_with_furnace":26,"minecraft:interact_with_grindstone":1,"minecraft:sleep_in_bed":8,"minecraft:time_since_rest":8110,"minecraft:damage_taken":5868,"minecraft:damage_dealt":3844,"minecraft:swim_one_cm":25335,"minecraft:fly_one_cm":575360,"minecraft:open_chest":60,"minecraft:crouch_one_cm":33103,"minecraft:interact_with_smoker":3,"minecraft:use_cauldron":1,"minecraft:fall_one_cm":88765},"minecraft:killed_by":{"minecraft:husk":1,"minecraft:creeper":2,"minecraft:skeleton":5,"minecraft:zombie":5},"minecraft:crafted":{"minecraft:oak_planks":232,"minecraft:stone_shovel":2,"minecraft:furnace":3,"minecraft:cobblestone_stairs":40,"minecraft:ladder":47,"minecraft:stone_pickaxe":11,"minecraft:dark_oak_planks":12,"minecraft:wheat":153,"minecraft:crafting_table":15,"minecraft:wooden_pickaxe":4,"minecraft:iron_helmet":1,"minecraft:iron_sword":2,"minecraft:bucket":2,"minecraft:stone_axe":4,"minecraft:bread":38,"minecraft:iron_chestplate":1,"minecraft:shield":1,"minecraft:stick":164,"minecraft:iron_pickaxe":1,"minecraft:iron_ingot":30,"minecraft:wooden_axe":2,"minecraft:iron_shovel":1,"minecraft:stone_sword":1,"minecraft:gold_ingot":8,"minecraft:acacia_planks":116,"minecraft:torch":60},"minecraft:used":{"croptopia:leek":1,"minecraft:stone_sword":55,"minecraft:iron_shovel":501,"minecraft:stone_shovel":19,"minecraft:ladder":19,"minecraft:spruce_planks":25,"minecraft:shield":3,"minecraft:iron_sword":7,"minecraft:rotten_flesh":3,"minecraft:torch":25,"minecraft:dirt":283,"minecraft:allium":2,"minecraft:dark_oak_planks":2,"minecraft:wooden_axe":54,"farmersdelight:tomato":4,"minecraft:furnace":3,"minecraft:acacia_planks":3,"minecraft:water_bucket":1,"minecraft:cobblestone_stairs":44,"minecraft:stone_pickaxe":856,"croptopia:apricot":6,"minecraft:wooden_pickaxe":117,"minecraft:sandstone":9,"naturalist:duck_egg":2,"minecraft:mossy_cobblestone":1,"farmersdelight:onion":1,"minecraft:sand":10,"minecraft:crafting_table":14,"minecraft:red_bed":1,"croptopia:orange":5,"minecraft:bread":26,"minecraft:iron_pickaxe":191,"minecraft:stone_axe":260,"minecraft:cobblestone":241,"travelersbackpack:standard":1,"minecraft:cooked_porkchop":3,"minecraft:bucket":1,"minecraft:golden_pickaxe":16},"minecraft:picked_up":{"minecraft:wooden_axe":1,"minecraft:wheat":34,"minecraft:allium":3,"minecraft:leather_leggings":2,"minecraft:wooden_pickaxe":3,"minecraft:raw_copper":26,"croptopia:saguaro_seed":2,"minecraft:string":1,"minecraft:red_bed":1,"minecraft:iron_shovel":1,"minecraft:red_sand":11,"minecraft:cobbled_deepslate":4,"minecraft:bucket":1,"minecraft:spruce_planks":46,"minecraft:sugar_cane":8,"minecraft:birch_sapling":3,"minecraft:iron_boots":1,"minecraft:sandstone":55,"minecraft:stick":96,"minecraft:raw_iron":34,"naturalist:duck":2,"minecraft:brown_terracotta":2,"minecraft:torch":2,"minecraft:acacia_log":29,"minecraft:spruce_fence":4,"farmersdelight:tomato_seeds":45,"minecraft:diorite":26,"minecraft:carrot":2,"minecraft:dark_oak_planks":3,"minecraft:diamond_chestplate":1,"minecraft:rotten_flesh":9,"minecraft:stone_sword":3,"minecraft:arrow":10,"minecraft:stone_shovel":1,"croptopia:persimmon":7,"farmersdelight:onion":1,"minecraft:hay_block":35,"gravestones:gravestone":2,"minecraft:cobblestone":740,"minecraft:skeleton_skull":3,"minecraft:rail":5,"minecraft:stripped_oak_log":2,"minecraft:birch_log":6,"minecraft:feather":2,"minecraft:andesite":4,"artifacts:anglers_hat":1,"minecraft:tuff":6,"minecraft:oak_log":271,"croptopia:leek":1,"minecraft:cobbled_deepslate_stairs":1,"minecraft:gunpowder":1,"minecraft:cobblestone_stairs":6,"minecraft:dirt":536,"minecraft:lapis_lazuli":4,"farmersdelight:tomato":4,"minecraft:bone":10,"minecraft:apple":9,"minecraft:stone_bricks":2,"minecraft:wheat_seeds":2,"minecraft:stone_pickaxe":3,"minecraft:glass_bottle":2,"minecraft:oak_planks":14,"croptopia:apricot":6,"minecraft:sand":34,"minecraft:spruce_sapling":4,"naturalist:duck_egg":6,"minecraft:dark_oak_log":3,"minecraft:spider_eye":2,"minecraft:mossy_cobblestone":1,"croptopia:cherry":16,"travelersbackpack:standard":3,"croptopia:saguaro":2,"minecraft:stone_axe":3,"croptopia:leek_seed":2,"magistuarmory:corruptedroundshield":1,"croptopia:orange":38,"minecraft:granite":3,"minecraft:emerald":3,"minecraft:bread":48,"minecraft:oak_sapling":48,"minecraft:coal":132}},"DataVersion":3465}