{"stats":{"minecraft:mined":{"minecraft:dark_oak_planks":2,"minecraft:tuff":2,"minecraft:spruce_planks":66,"minecraft:yellow_wall_banner":1,"croptopia:orange_crop":28,"minecraft:mossy_cobblestone":1,"minecraft:oak_door":6,"minecraft:cobblestone_stairs":68,"minecraft:dark_oak_log":3,"minecraft:stripped_birch_log":1,"minecraft:granite":4,"croptopia:persimmon_crop":9,"minecraft:allium":1,"minecraft:red_sand":6,"minecraft:acacia_log":30,"minecraft:spruce_fence":5,"minecraft:grass_block":1777,"minecraft:spruce_leaves":57,"minecraft:oxeye_daisy":1,"minecraft:sandstone":36,"minecraft:hay_block":91,"farmersdelight:wild_onions":1,"minecraft:iron_ore":50,"minecraft:andesite":4,"minecraft:dirt_path":5,"minecraft:vine":49,"croptopia:apple_crop":2,"minecraft:stripped_oak_log":2,"minecraft:stone":1003,"gravestones:gravestone":1,"minecraft:acacia_leaves":4,"minecraft:light_gray_terracotta":118,"minecraft:clay":61,"minecraft:soul_fire":1,"minecraft:orange_terracotta":121,"minecraft:dandelion":1,"travelersbackpack:standard":2,"minecraft:crafting_table":2,"minecraft:torch":25,"minecraft:emerald_ore":2,"minecraft:dead_bush":34,"minecraft:campfire":1,"minecraft:copper_ore":7,"minecraft:tall_grass":19,"minecraft:cobblestone":30,"farmersdelight:wild_tomatoes":27,"minecraft:oak_planks":311,"minecraft:sugar_cane":2,"minecraft:diorite":50,"minecraft:wall_torch":10,"minecraft:skeleton_skull":3,"minecraft:white_terracotta":64,"minecraft:birch_planks":165,"croptopia:leek_crop":1,"minecraft:birch_log":104,"croptopia:pear_crop":3,"minecraft:birch_leaves":58,"minecraft:diorite_wall":1,"croptopia:apricot_crop":6,"minecraft:grass":78,"croptopia:salt_ore":2,"minecraft:oak_log":328,"minecraft:coal_ore":176,"minecraft:cocoa":1,"minecraft:gravel":2,"minecraft:dirt":1749,"minecraft:sand":32,"croptopia:saguaro_crop":1,"minecraft:terracotta":4,"minecraft:stone_bricks":2,"minecraft:oak_leaves":161,"minecraft:deepslate":2},"minecraft:picked_up":{"minecraft:wooden_axe":1,"minecraft:cocoa_beans":3,"minecraft:crafting_table":2,"minecraft:wheat":34,"minecraft:allium":3,"minecraft:clay_ball":244,"minecraft:ladder":30,"minecraft:leather_leggings":2,"croptopia:sweetpotato_seed":2,"minecraft:lead":2,"minecraft:wooden_pickaxe":3,"minecraft:cornflower":1,"croptopia:saguaro_seed":2,"minecraft:string":6,"minecraft:red_bed":1,"minecraft:raw_copper":26,"minecraft:iron_shovel":1,"croptopia:pear":7,"minecraft:red_sand":19,"minecraft:cobbled_deepslate":4,"minecraft:bucket":1,"minecraft:spruce_planks":57,"minecraft:beef":4,"minecraft:iron_pickaxe":1,"minecraft:sugar_cane":8,"minecraft:birch_sapling":17,"minecraft:iron_boots":2,"minecraft:sandstone":55,"minecraft:stick":129,"minecraft:raw_iron":50,"naturalist:duck":2,"minecraft:oak_door":6,"minecraft:brown_terracotta":2,"minecraft:torch":43,"minecraft:acacia_log":29,"minecraft:spruce_fence":4,"farmersdelight:tomato_seeds":45,"minecraft:diorite":46,"minecraft:carrot":2,"minecraft:dark_oak_planks":3,"minecraft:yellow_banner":1,"minecraft:stone_sword":3,"minecraft:arrow":14,"minecraft:stone_shovel":1,"minecraft:rotten_flesh":21,"minecraft:diamond_chestplate":1,"croptopia:persimmon":18,"artifacts:snowshoes":1,"farmersdelight:onion":1,"minecraft:hay_block":100,"minecraft:white_terracotta":64,"croptopia:salt":8,"gravestones:gravestone":3,"minecraft:skeleton_skull":3,"minecraft:rail":5,"minecraft:cobblestone":1060,"minecraft:oxeye_daisy":2,"minecraft:stripped_oak_log":2,"minecraft:birch_log":155,"minecraft:feather":2,"artifacts:novelty_drinking_hat":2,"minecraft:andesite":4,"minecraft:leather":3,"artifacts:anglers_hat":1,"minecraft:birch_planks":164,"minecraft:tuff":6,"minecraft:oak_log":417,"croptopia:leek":1,"minecraft:cobbled_deepslate_stairs":1,"minecraft:gunpowder":1,"minecraft:cobblestone_stairs":68,"minecraft:stripped_birch_log":1,"minecraft:lapis_lazuli":4,"farmersdelight:tomato":4,"minecraft:dirt":3567,"minecraft:lantern":1,"naturalist:glow_goop":2,"minecraft:orange_terracotta":121,"minecraft:bone":14,"minecraft:apple":17,"minecraft:stone_bricks":2,"croptopia:sweetpotato":1,"minecraft:wheat_seeds":36,"minecraft:stone_pickaxe":3,"minecraft:glass_bottle":2,"minecraft:oak_planks":318,"minecraft:diorite_wall":1,"croptopia:apricot":6,"minecraft:dandelion":6,"minecraft:sand":34,"magistuarmory:rustednorman_helmet":3,"minecraft:spruce_sapling":4,"minecraft:light_gray_terracotta":118,"magistuarmory:rustedchainmail_leggings":1,"minecraft:dark_oak_log":3,"minecraft:spider_eye":2,"naturalist:duck_egg":6,"minecraft:mossy_cobblestone":1,"travelersbackpack:standard":3,"croptopia:cherry":16,"croptopia:saguaro":2,"minecraft:diamond":1,"minecraft:stone_axe":3,"magistuarmory:rusted_bastardsword":2,"magistuarmory:corruptedroundshield":1,"croptopia:orange":38,"croptopia:leek_seed":2,"minecraft:granite":4,"minecraft:crossbow":1,"minecraft:emerald":3,"minecraft:bread":48,"minecraft:terracotta":5,"minecraft:oak_sapling":87,"minecraft:coal":178,"croptopia:toast":26},"minecraft:killed":{"minecraft:spider":4,"naturalist:duck":1,"minecraft:skeleton":8,"minecraft:husk":1,"naturalist:firefly":4,"minecraft:wandering_trader":1,"minecraft:creeper":2,"naturalist:finch":2,"minecraft:trader_llama":2,"minecraft:zombie":15},"minecraft:dropped":{"croptopia:persimmon":1,"minecraft:glass_bottle":2,"minecraft:emerald":1,"minecraft:dirt":67,"artifacts:novelty_drinking_hat":1,"minecraft:torch":2,"minecraft:iron_pickaxe":1,"minecraft:iron_shovel":2,"minecraft:dark_oak_planks":1,"minecraft:dandelion":2,"minecraft:bone":2,"minecraft:stone_axe":2,"croptopia:toast":1,"minecraft:stone_sword":2,"minecraft:rotten_flesh":2,"minecraft:oak_planks":3,"minecraft:red_sand":4,"minecraft:stone_pickaxe":2,"minecraft:wooden_pickaxe":1,"minecraft:terracotta":1},"minecraft:custom":{"minecraft:interact_with_smithing_table":5,"minecraft:mob_kills":43,"minecraft:interact_with_crafting_table":99,"minecraft:open_barrel":30,"minecraft:bell_ring":14,"minecraft:leave_game":5,"minecraft:time_since_death":68955,"minecraft:climb_one_cm":187017,"minecraft:sprint_one_cm":1146205,"minecraft:walk_one_cm":1956906,"minecraft:damage_blocked_by_shield":195,"minecraft:drop":92,"minecraft:play_time":682679,"minecraft:sneak_time":28977,"minecraft:deaths":34,"minecraft:walk_under_water_one_cm":37164,"minecraft:jump":7327,"minecraft:interact_with_blast_furnace":5,"minecraft:walk_on_water_one_cm":40581,"minecraft:total_world_time":682679,"minecraft:interact_with_furnace":33,"minecraft:interact_with_grindstone":2,"minecraft:sleep_in_bed":23,"minecraft:time_since_rest":68987,"minecraft:damage_taken":14242,"minecraft:damage_dealt":8204,"minecraft:swim_one_cm":38061,"minecraft:fly_one_cm":1248563,"minecraft:open_chest":149,"minecraft:crouch_one_cm":122396,"minecraft:interact_with_smoker":10,"minecraft:fall_one_cm":227686,"minecraft:use_cauldron":1},"minecraft:killed_by":{"minecraft:husk":1,"minecraft:player":1,"minecraft:creeper":3,"minecraft:skeleton":9,"minecraft:zombie":7},"minecraft:used":{"minecraft:red_sand":4,"croptopia:leek":1,"minecraft:stone_sword":55,"minecraft:iron_shovel":751,"minecraft:stone_shovel":2659,"minecraft:ladder":20,"minecraft:chest":4,"minecraft:spruce_planks":25,"minecraft:shield":3,"minecraft:white_terracotta":64,"magistuarmory:rustednorman_helmet":1,"minecraft:iron_sword":24,"minecraft:rotten_flesh":3,"minecraft:oak_door":8,"minecraft:torch":190,"minecraft:dirt":2614,"minecraft:allium":2,"minecraft:dark_oak_planks":2,"minecraft:wooden_axe":54,"farmersdelight:tomato":4,"minecraft:lantern":1,"minecraft:iron_axe":311,"minecraft:diorite_wall":12,"croptopia:persimmon":9,"minecraft:hay_block":1,"minecraft:goat_horn":10,"minecraft:furnace":3,"magistuarmory:rusted_bastardsword":99,"minecraft:potato":14,"minecraft:acacia_planks":3,"minecraft:orange_terracotta":57,"minecraft:golden_axe":64,"minecraft:yellow_banner":1,"minecraft:water_bucket":1,"minecraft:cobblestone_stairs":331,"minecraft:birch_planks":194,"minecraft:stone_pickaxe":856,"minecraft:oak_planks":374,"croptopia:apricot":6,"minecraft:wooden_pickaxe":117,"minecraft:sandstone":9,"naturalist:duck_egg":2,"minecraft:terracotta":2,"minecraft:mossy_cobblestone":1,"farmersdelight:onion":1,"minecraft:sand":10,"croptopia:rutabaga":1,"minecraft:light_gray_terracotta":104,"minecraft:crafting_table":17,"minecraft:red_bed":1,"minecraft:crossbow":3,"croptopia:orange":11,"minecraft:apple":2,"minecraft:bread":58,"minecraft:iron_pickaxe":954,"naturalist:glow_goop":1,"minecraft:stone_axe":692,"croptopia:toast":15,"travelersbackpack:standard":1,"minecraft:cobblestone":278,"minecraft:cooked_porkchop":4,"minecraft:bucket":2,"minecraft:golden_pickaxe":16,"minecraft:experience_bottle":1},"minecraft:broken":{"minecraft:iron_shovel":3,"magistuarmory:corruptedroundshield":1,"minecraft:stone_pickaxe":6,"minecraft:golden_axe":2,"minecraft:iron_axe":1,"minecraft:stone_axe":4,"minecraft:iron_pickaxe":3,"minecraft:golden_pickaxe":1,"minecraft:stone_shovel":19},"minecraft:crafted":{"minecraft:oak_door":6,"minecraft:oak_planks":796,"minecraft:stone_shovel":20,"minecraft:furnace":4,"minecraft:cobblestone_stairs":306,"minecraft:iron_axe":3,"minecraft:ladder":47,"minecraft:stone_pickaxe":13,"minecraft:chest":4,"minecraft:dark_oak_planks":12,"minecraft:wheat":729,"minecraft:golden_axe":2,"minecraft:crafting_table":17,"minecraft:iron_helmet":1,"minecraft:wooden_pickaxe":4,"minecraft:diorite_wall":18,"minecraft:iron_sword":3,"minecraft:bucket":2,"minecraft:birch_planks":424,"minecraft:stone_axe":9,"minecraft:bread":105,"minecraft:iron_chestplate":1,"minecraft:shield":1,"minecraft:stick":272,"minecraft:iron_ingot":54,"minecraft:iron_pickaxe":4,"minecraft:wooden_axe":2,"minecraft:stone_sword":1,"minecraft:gold_ingot":8,"minecraft:iron_shovel":2,"minecraft:acacia_planks":116,"minecraft:torch":244}},"DataVersion":3465}