{"stats":{"minecraft:crafted":{"naturalist:cooked_duck":2,"minecraft:oak_planks":816,"naturalist:cooked_venison":3,"minecraft:stone":49,"minecraft:diorite_stairs":64,"minecraft:cobblestone_stairs":306,"minecraft:cooked_mutton":6,"minecraft:glass":51,"minecraft:chest":9,"minecraft:golden_axe":2,"minecraft:cooked_porkchop":2,"minecraft:crafting_table":17,"travelersbackpack:standard":1,"minecraft:wooden_pickaxe":4,"minecraft:iron_helmet":1,"minecraft:birch_planks":424,"minecraft:iron_chestplate":1,"minecraft:shield":2,"minecraft:stick":308,"minecraft:iron_ingot":58,"minecraft:iron_pickaxe":4,"minecraft:stone_sword":1,"minecraft:gold_ingot":8,"minecraft:oak_door":6,"minecraft:stone_shovel":23,"minecraft:furnace":5,"travelersbackpack:white_sleeping_bag":1,"minecraft:iron_axe":3,"minecraft:ladder":47,"minecraft:stone_pickaxe":23,"minecraft:dark_oak_planks":12,"minecraft:wheat":756,"minecraft:cooked_beef":4,"travelersbackpack:backpack_tank":2,"minecraft:diorite_wall":18,"minecraft:iron_sword":3,"minecraft:bucket":2,"minecraft:stone_axe":9,"minecraft:bread":105,"justhammers:stone_hammer":7,"minecraft:wooden_axe":2,"minecraft:iron_shovel":2,"minecraft:acacia_planks":116,"minecraft:torch":244},"minecraft:mined":{"minecraft:dark_oak_planks":2,"minecraft:spruce_planks":66,"minecraft:cobblestone_stairs":68,"minecraft:granite":6,"minecraft:red_sand":10,"minecraft:acacia_log":30,"minecraft:grass_block":1914,"minecraft:diorite_stairs":40,"minecraft:oxeye_daisy":1,"minecraft:iron_ore":52,"croptopia:apple_crop":2,"minecraft:dirt_path":5,"minecraft:red_bed":1,"minecraft:soul_fire":1,"minecraft:orange_terracotta":204,"minecraft:clay":61,"minecraft:torch":33,"minecraft:light_gray_terracotta":841,"minecraft:chest":2,"minecraft:dead_bush":34,"minecraft:cobblestone":30,"minecraft:sugar_cane":39,"minecraft:oak_planks":311,"minecraft:wall_torch":17,"minecraft:skeleton_skull":3,"minecraft:white_terracotta":522,"minecraft:mud":3,"minecraft:birch_log":104,"croptopia:pear_crop":3,"croptopia:apricot_crop":6,"minecraft:grass":78,"minecraft:oak_log":328,"croptopia:salt_ore":2,"minecraft:diorite_wall":16,"minecraft:sand":111,"minecraft:dirt":2043,"minecraft:oak_leaves":166,"minecraft:deepslate":2,"minecraft:tuff":2,"minecraft:yellow_wall_banner":1,"croptopia:orange_crop":29,"minecraft:mossy_cobblestone":1,"minecraft:oak_door":6,"minecraft:stripped_birch_log":1,"minecraft:dark_oak_log":3,"croptopia:persimmon_crop":9,"minecraft:allium":1,"minecraft:spruce_fence":5,"minecraft:spruce_leaves":57,"minecraft:sandstone":37,"minecraft:hay_block":94,"farmersdelight:wild_onions":1,"minecraft:furnace":1,"minecraft:andesite":4,"minecraft:vine":50,"minecraft:stripped_oak_log":2,"minecraft:stone":1035,"minecraft:acacia_leaves":4,"minecraft:dandelion":1,"travelersbackpack:standard":2,"minecraft:crafting_table":4,"minecraft:emerald_ore":2,"minecraft:campfire":1,"minecraft:tall_grass":19,"minecraft:copper_ore":7,"farmersdelight:wild_tomatoes":27,"minecraft:diorite":93,"minecraft:birch_planks":171,"croptopia:leek_crop":1,"minecraft:sea_pickle":1,"minecraft:birch_leaves":58,"minecraft:coal_ore":176,"minecraft:cocoa":1,"croptopia:saguaro_crop":1,"minecraft:gravel":2,"minecraft:brown_terracotta":22,"minecraft:terracotta":22,"minecraft:stone_bricks":2},"minecraft:killed_by":{"minecraft:creeper":4,"minecraft:zombie":8,"minecraft:husk":1,"minecraft:player":1,"minecraft:enderman":1,"minecraft:skeleton":10},"minecraft:killed":{"naturalist:zebra":1,"minecraft:spider":5,"minecraft:skeleton":9,"minecraft:chicken":4,"minecraft:pig":1,"naturalist:firefly":4,"minecraft:iron_golem":2,"minecraft:creeper":2,"minecraft:sheep":4,"minecraft:trader_llama":2,"minecraft:zombie":22,"naturalist:duck":3,"minecraft:horse":1,"naturalist:deer":2,"minecraft:husk":1,"naturalist:bear":1,"minecraft:wandering_trader":1,"naturalist:finch":2,"minecraft:enderman":1},"minecraft:broken":{"minecraft:iron_shovel":3,"minecraft:stone_pickaxe":17,"minecraft:stone_axe":4,"minecraft:stone_shovel":23,"magistuarmory:corruptedroundshield":1,"minecraft:wooden_pickaxe":1,"minecraft:golden_axe":2,"minecraft:iron_axe":1,"minecraft:iron_pickaxe":4,"minecraft:golden_pickaxe":1,"magistuarmory:rusted_bastardsword":1},"minecraft:used":{"croptopia:leek":1,"minecraft:red_sand":4,"minecraft:iron_shovel":751,"minecraft:ladder":24,"minecraft:chest":10,"minecraft:shield":10,"minecraft:white_terracotta":669,"magistuarmory:rustednorman_helmet":1,"minecraft:iron_sword":92,"minecraft:rotten_flesh":4,"naturalist:cooked_venison":2,"minecraft:allium":2,"farmersdelight:tomato":4,"minecraft:lantern":1,"minecraft:diorite_wall":30,"minecraft:hay_block":1,"minecraft:furnace":6,"magistuarmory:rusted_bastardsword":132,"minecraft:egg":2,"minecraft:potato":14,"minecraft:stone_pickaxe":2300,"minecraft:oak_planks":374,"minecraft:wooden_pickaxe":138,"minecraft:sandstone":10,"naturalist:duck_egg":2,"minecraft:sand":10,"croptopia:rutabaga":1,"minecraft:light_gray_terracotta":1150,"minecraft:crossbow":3,"croptopia:orange":14,"minecraft:bread":98,"croptopia:toast":25,"minecraft:golden_pickaxe":16,"minecraft:experience_bottle":1,"minecraft:diorite_stairs":69,"minecraft:stone_sword":55,"minecraft:stone_shovel":3126,"minecraft:spruce_planks":25,"minecraft:oak_door":8,"minecraft:torch":240,"minecraft:dirt":3110,"minecraft:granite":4,"minecraft:wooden_axe":54,"minecraft:dark_oak_planks":2,"minecraft:iron_axe":319,"croptopia:persimmon":14,"minecraft:goat_horn":10,"minecraft:cooked_beef":4,"minecraft:acacia_planks":3,"minecraft:orange_terracotta":212,"minecraft:golden_axe":64,"minecraft:cooked_mutton":1,"minecraft:water_bucket":1,"minecraft:yellow_banner":1,"minecraft:cobblestone_stairs":331,"minecraft:birch_planks":200,"croptopia:apricot":6,"minecraft:mossy_cobblestone":1,"farmersdelight:onion":1,"minecraft:terracotta":86,"minecraft:crafting_table":20,"minecraft:red_bed":2,"minecraft:apple":5,"minecraft:iron_pickaxe":970,"justhammers:stone_hammer":249,"minecraft:stone_axe":697,"naturalist:glow_goop":1,"minecraft:cobblestone":301,"travelersbackpack:standard":2,"minecraft:cooked_porkchop":4,"minecraft:bucket":2,"minecraft:sea_pickle":1},"minecraft:picked_up":{"minecraft:wooden_axe":1,"minecraft:wheat":34,"minecraft:lead":2,"minecraft:string":7,"minecraft:raw_copper":26,"minecraft:sea_pickle":4,"minecraft:red_sand":26,"minecraft:cobbled_deepslate":4,"minecraft:bucket":1,"minecraft:spruce_planks":57,"minecraft:iron_pickaxe":1,"minecraft:iron_boots":2,"minecraft:furnace":1,"minecraft:stick":129,"minecraft:brown_terracotta":60,"minecraft:torch":60,"minecraft:acacia_log":29,"minecraft:porkchop":2,"minecraft:diorite":336,"minecraft:yellow_banner":1,"minecraft:stone_sword":3,"minecraft:rotten_flesh":29,"croptopia:persimmon":18,"farmersdelight:onion":1,"minecraft:white_terracotta":945,"minecraft:cobblestone":1438,"minecraft:birch_log":155,"minecraft:feather":8,"magistuarmory:rustedchainmail_boots":1,"minecraft:andesite":4,"minecraft:tuff":6,"minecraft:lantern":1,"minecraft:dirt":3964,"minecraft:stripped_birch_log":1,"minecraft:lapis_lazuli":4,"farmersdelight:tomato":4,"minecraft:bone":16,"croptopia:sweetpotato":1,"minecraft:wheat_seeds":36,"minecraft:oak_planks":318,"minecraft:diorite_wall":17,"minecraft:sand":112,"minecraft:dark_oak_log":3,"naturalist:duck_egg":8,"minecraft:mossy_cobblestone":1,"croptopia:cherry":17,"minecraft:light_gray_terracotta":1301,"naturalist:antler":1,"minecraft:diamond":1,"croptopia:leek_seed":2,"magistuarmory:corruptedroundshield":2,"minecraft:crossbow":1,"minecraft:granite":8,"minecraft:bread":48,"minecraft:emerald":3,"minecraft:oak_sapling":87,"croptopia:toast":26,"minecraft:cocoa_beans":3,"minecraft:crafting_table":4,"minecraft:allium":3,"naturalist:venison":3,"minecraft:chicken":4,"minecraft:ladder":30,"minecraft:clay_ball":308,"minecraft:leather_leggings":2,"croptopia:sweetpotato_seed":2,"minecraft:wooden_pickaxe":3,"minecraft:cornflower":1,"croptopia:saguaro_seed":2,"minecraft:red_bed":2,"minecraft:iron_shovel":1,"croptopia:pear":7,"minecraft:beef":4,"minecraft:chest":2,"minecraft:sugar_cane":72,"minecraft:birch_sapling":17,"minecraft:egg":2,"naturalist:duck":4,"minecraft:sandstone":56,"minecraft:raw_iron":55,"minecraft:oak_door":6,"minecraft:spruce_fence":4,"farmersdelight:tomato_seeds":45,"minecraft:carrot":2,"minecraft:dark_oak_planks":3,"minecraft:diamond_chestplate":1,"minecraft:arrow":14,"minecraft:stone_shovel":1,"artifacts:snowshoes":2,"minecraft:hay_block":103,"minecraft:yellow_terracotta":37,"croptopia:salt":8,"minecraft:white_wool":4,"minecraft:mutton":5,"minecraft:skeleton_skull":3,"minecraft:rail":5,"minecraft:oxeye_daisy":2,"minecraft:stripped_oak_log":2,"artifacts:novelty_drinking_hat":2,"minecraft:leather":13,"artifacts:anglers_hat":1,"minecraft:birch_planks":169,"minecraft:oak_log":417,"minecraft:gunpowder":1,"croptopia:leek":1,"minecraft:cobbled_deepslate_stairs":1,"minecraft:cobblestone_stairs":68,"minecraft:diorite_stairs":41,"naturalist:glow_goop":2,"minecraft:orange_terracotta":217,"minecraft:apple":17,"minecraft:stone_bricks":2,"minecraft:iron_ingot":10,"minecraft:stone_pickaxe":4,"minecraft:glass_bottle":2,"croptopia:apricot":6,"minecraft:dandelion":6,"magistuarmory:rustednorman_helmet":3,"justhammers:stone_hammer":1,"minecraft:spruce_sapling":4,"magistuarmory:rustedchainmail_leggings":2,"minecraft:spider_eye":2,"travelersbackpack:standard":3,"croptopia:saguaro":2,"magistuarmory:rusted_bastardsword":3,"minecraft:stone_axe":3,"croptopia:orange":45,"minecraft:terracotta":559,"minecraft:coal":178},"minecraft:custom":{"minecraft:interact_with_crafting_table":139,"minecraft:open_barrel":34,"minecraft:bell_ring":14,"minecraft:leave_game":11,"minecraft:time_since_death":17060,"minecraft:sprint_one_cm":1818135,"minecraft:damage_blocked_by_shield":690,"minecraft:drop":99,"minecraft:talked_to_villager":2,"minecraft:play_time":1031721,"minecraft:deaths":39,"minecraft:jump":10966,"minecraft:walk_on_water_one_cm":45897,"minecraft:interact_with_furnace":77,"minecraft:sleep_in_bed":37,"minecraft:damage_dealt":12763,"minecraft:crouch_one_cm":178724,"minecraft:interact_with_smoker":13,"minecraft:use_cauldron":1,"minecraft:interact_with_smithing_table":6,"minecraft:mob_kills":71,"minecraft:climb_one_cm":219981,"minecraft:walk_one_cm":2830901,"minecraft:sneak_time":40135,"minecraft:walk_under_water_one_cm":37719,"minecraft:interact_with_blast_furnace":5,"minecraft:total_world_time":1031721,"minecraft:interact_with_grindstone":2,"minecraft:time_since_rest":17085,"minecraft:damage_taken":18748,"minecraft:swim_one_cm":38061,"minecraft:fly_one_cm":2042676,"minecraft:open_chest":309,"minecraft:fall_one_cm":327425},"minecraft:dropped":{"minecraft:glass_bottle":2,"minecraft:emerald":1,"minecraft:dirt":67,"artifacts:novelty_drinking_hat":1,"minecraft:iron_pickaxe":1,"minecraft:dark_oak_planks":1,"minecraft:bone":2,"minecraft:stone_axe":2,"croptopia:toast":1,"minecraft:rotten_flesh":4,"minecraft:oak_planks":4,"justhammers:stone_hammer":3,"croptopia:persimmon":1,"minecraft:stick":1,"minecraft:torch":2,"minecraft:iron_shovel":2,"minecraft:dandelion":2,"minecraft:stone_sword":2,"minecraft:red_sand":4,"minecraft:stone_pickaxe":3,"minecraft:wooden_pickaxe":1,"minecraft:terracotta":1}},"DataVersion":3465}