{"stats":{"minecraft:dropped":{"minecraft:glass_bottle":2,"minecraft:emerald":1,"minecraft:dirt":64,"artifacts:novelty_drinking_hat":1,"minecraft:torch":2,"minecraft:iron_shovel":2,"minecraft:dark_oak_planks":1,"minecraft:bone":2,"minecraft:dandelion":2,"minecraft:stone_axe":2,"croptopia:toast":1,"minecraft:stone_sword":2,"minecraft:rotten_flesh":2,"minecraft:oak_planks":3,"minecraft:wooden_pickaxe":1,"minecraft:stone_pickaxe":2},"minecraft:killed":{"minecraft:spider":1,"naturalist:duck":1,"minecraft:skeleton":6,"minecraft:husk":1,"minecraft:wandering_trader":1,"minecraft:creeper":2,"minecraft:trader_llama":2,"naturalist:finch":2,"minecraft:zombie":11},"minecraft:broken":{"minecraft:iron_shovel":2,"magistuarmory:corruptedroundshield":1,"minecraft:stone_pickaxe":6,"minecraft:stone_axe":2,"minecraft:iron_pickaxe":2,"minecraft:golden_pickaxe":1,"minecraft:stone_shovel":15},"minecraft:mined":{"minecraft:dark_oak_planks":2,"minecraft:tuff":2,"minecraft:spruce_planks":66,"minecraft:yellow_wall_banner":1,"croptopia:orange_crop":28,"minecraft:mossy_cobblestone":1,"minecraft:cobblestone_stairs":39,"minecraft:dark_oak_log":3,"croptopia:persimmon_crop":8,"minecraft:granite":4,"minecraft:acacia_log":30,"minecraft:allium":1,"minecraft:grass_block":1374,"minecraft:spruce_fence":5,"minecraft:spruce_leaves":57,"minecraft:oxeye_daisy":1,"minecraft:sandstone":36,"minecraft:hay_block":91,"farmersdelight:wild_onions":1,"minecraft:iron_ore":35,"minecraft:andesite":4,"minecraft:dirt_path":4,"croptopia:apple_crop":2,"minecraft:vine":44,"minecraft:stripped_oak_log":2,"minecraft:stone":943,"minecraft:acacia_leaves":4,"minecraft:soul_fire":1,"minecraft:dandelion":1,"travelersbackpack:standard":2,"minecraft:crafting_table":1,"minecraft:torch":1,"minecraft:emerald_ore":2,"minecraft:dead_bush":23,"minecraft:campfire":1,"minecraft:tall_grass":19,"minecraft:copper_ore":7,"minecraft:cobblestone":30,"farmersdelight:wild_tomatoes":27,"minecraft:oak_planks":9,"minecraft:sugar_cane":2,"minecraft:diorite":28,"minecraft:wall_torch":1,"minecraft:skeleton_skull":3,"croptopia:leek_crop":1,"minecraft:birch_log":23,"minecraft:birch_leaves":53,"croptopia:apricot_crop":6,"minecraft:grass":78,"minecraft:oak_log":216,"minecraft:coal_ore":176,"minecraft:cocoa":1,"croptopia:saguaro_crop":1,"minecraft:gravel":2,"minecraft:sand":32,"minecraft:dirt":1168,"minecraft:stone_bricks":2,"minecraft:oak_leaves":119,"minecraft:deepslate":2},"minecraft:custom":{"minecraft:interact_with_smithing_table":4,"minecraft:mob_kills":30,"minecraft:interact_with_crafting_table":74,"minecraft:open_barrel":27,"minecraft:bell_ring":14,"minecraft:leave_game":3,"minecraft:time_since_death":8879,"minecraft:climb_one_cm":140379,"minecraft:sprint_one_cm":844784,"minecraft:walk_one_cm":1166424,"minecraft:damage_blocked_by_shield":195,"minecraft:drop":84,"minecraft:play_time":414470,"minecraft:deaths":28,"minecraft:sneak_time":17329,"minecraft:walk_under_water_one_cm":13645,"minecraft:jump":5203,"minecraft:interact_with_blast_furnace":3,"minecraft:walk_on_water_one_cm":28812,"minecraft:total_world_time":414470,"minecraft:interact_with_furnace":30,"minecraft:interact_with_grindstone":1,"minecraft:sleep_in_bed":17,"minecraft:time_since_rest":8920,"minecraft:damage_taken":11032,"minecraft:damage_dealt":6365,"minecraft:swim_one_cm":25335,"minecraft:fly_one_cm":961299,"minecraft:open_chest":115,"minecraft:crouch_one_cm":62926,"minecraft:interact_with_smoker":7,"minecraft:use_cauldron":1,"minecraft:fall_one_cm":159226},"minecraft:killed_by":{"minecraft:husk":1,"minecraft:player":1,"minecraft:creeper":3,"minecraft:skeleton":7,"minecraft:zombie":7},"minecraft:crafted":{"minecraft:oak_planks":232,"minecraft:stone_shovel":15,"minecraft:furnace":3,"minecraft:cobblestone_stairs":306,"minecraft:ladder":47,"minecraft:stone_pickaxe":11,"minecraft:chest":2,"minecraft:dark_oak_planks":12,"minecraft:wheat":729,"minecraft:crafting_table":16,"minecraft:wooden_pickaxe":4,"minecraft:iron_helmet":1,"minecraft:iron_sword":3,"minecraft:bucket":2,"minecraft:stone_axe":5,"minecraft:bread":105,"minecraft:iron_chestplate":1,"minecraft:shield":1,"minecraft:stick":188,"minecraft:iron_pickaxe":3,"minecraft:iron_ingot":38,"minecraft:wooden_axe":2,"minecraft:iron_shovel":1,"minecraft:stone_sword":1,"minecraft:gold_ingot":8,"minecraft:acacia_planks":116,"minecraft:torch":92},"minecraft:used":{"croptopia:leek":1,"minecraft:stone_sword":55,"minecraft:iron_shovel":501,"minecraft:stone_shovel":2042,"minecraft:ladder":20,"minecraft:chest":2,"minecraft:spruce_planks":25,"minecraft:shield":3,"minecraft:iron_sword":24,"minecraft:rotten_flesh":3,"minecraft:torch":28,"minecraft:dirt":910,"minecraft:allium":2,"minecraft:dark_oak_planks":2,"minecraft:wooden_axe":54,"farmersdelight:tomato":4,"minecraft:lantern":1,"minecraft:hay_block":1,"minecraft:goat_horn":10,"minecraft:furnace":3,"magistuarmory:rusted_bastardsword":53,"minecraft:potato":14,"minecraft:acacia_planks":3,"minecraft:yellow_banner":1,"minecraft:water_bucket":1,"minecraft:cobblestone_stairs":308,"minecraft:stone_pickaxe":856,"minecraft:oak_planks":10,"croptopia:apricot":6,"minecraft:wooden_pickaxe":117,"minecraft:sandstone":9,"naturalist:duck_egg":2,"minecraft:mossy_cobblestone":1,"farmersdelight:onion":1,"minecraft:sand":10,"croptopia:rutabaga":1,"minecraft:crafting_table":15,"minecraft:red_bed":1,"minecraft:crossbow":3,"croptopia:orange":11,"minecraft:apple":1,"minecraft:bread":49,"minecraft:iron_pickaxe":513,"minecraft:stone_axe":358,"croptopia:toast":4,"minecraft:cobblestone":272,"travelersbackpack:standard":1,"minecraft:cooked_porkchop":4,"minecraft:bucket":2,"minecraft:golden_pickaxe":16,"minecraft:experience_bottle":1},"minecraft:picked_up":{"minecraft:wooden_axe":1,"minecraft:cocoa_beans":3,"minecraft:crafting_table":1,"minecraft:wheat":34,"minecraft:allium":3,"minecraft:ladder":30,"minecraft:leather_leggings":2,"minecraft:lead":2,"croptopia:sweetpotato_seed":2,"minecraft:wooden_pickaxe":3,"minecraft:cornflower":1,"minecraft:raw_copper":26,"croptopia:saguaro_seed":2,"minecraft:string":3,"minecraft:red_bed":1,"minecraft:iron_shovel":1,"croptopia:pear":5,"minecraft:red_sand":11,"minecraft:cobbled_deepslate":4,"minecraft:bucket":1,"minecraft:spruce_planks":57,"minecraft:sugar_cane":8,"minecraft:birch_sapling":13,"minecraft:iron_boots":1,"minecraft:sandstone":55,"minecraft:stick":120,"minecraft:raw_iron":35,"naturalist:duck":2,"minecraft:brown_terracotta":2,"minecraft:torch":3,"minecraft:acacia_log":29,"minecraft:spruce_fence":4,"farmersdelight:tomato_seeds":45,"minecraft:diorite":27,"minecraft:carrot":2,"minecraft:dark_oak_planks":3,"minecraft:yellow_banner":1,"minecraft:diamond_chestplate":1,"minecraft:rotten_flesh":17,"minecraft:stone_sword":3,"minecraft:arrow":13,"minecraft:stone_shovel":1,"croptopia:persimmon":7,"farmersdelight:onion":1,"minecraft:hay_block":100,"gravestones:gravestone":2,"minecraft:cobblestone":999,"minecraft:skeleton_skull":3,"minecraft:rail":5,"minecraft:oxeye_daisy":2,"minecraft:stripped_oak_log":2,"minecraft:birch_log":24,"minecraft:feather":2,"artifacts:novelty_drinking_hat":2,"minecraft:andesite":4,"minecraft:leather":3,"artifacts:anglers_hat":1,"minecraft:tuff":6,"minecraft:oak_log":305,"croptopia:leek":1,"minecraft:cobbled_deepslate_stairs":1,"minecraft:gunpowder":1,"minecraft:cobblestone_stairs":39,"minecraft:dirt":2632,"minecraft:lapis_lazuli":4,"farmersdelight:tomato":4,"minecraft:lantern":1,"minecraft:bone":12,"croptopia:sweetpotato":1,"minecraft:apple":15,"minecraft:stone_bricks":2,"minecraft:wheat_seeds":36,"minecraft:stone_pickaxe":3,"minecraft:glass_bottle":2,"minecraft:oak_planks":18,"croptopia:apricot":6,"minecraft:dandelion":6,"minecraft:sand":34,"magistuarmory:rustednorman_helmet":1,"minecraft:spruce_sapling":4,"magistuarmory:rustedchainmail_leggings":1,"naturalist:duck_egg":6,"minecraft:dark_oak_log":3,"minecraft:spider_eye":2,"minecraft:mossy_cobblestone":1,"croptopia:cherry":16,"travelersbackpack:standard":3,"croptopia:saguaro":2,"minecraft:diamond":1,"magistuarmory:rusted_bastardsword":1,"minecraft:stone_axe":3,"croptopia:leek_seed":2,"magistuarmory:corruptedroundshield":1,"croptopia:orange":38,"minecraft:crossbow":1,"minecraft:granite":4,"minecraft:emerald":3,"minecraft:bread":48,"minecraft:oak_sapling":72,"minecraft:coal":178,"croptopia:toast":26}},"DataVersion":3465}