{"stats":{"minecraft:mined":{"minecraft:dark_oak_planks":2,"minecraft:tuff":2,"minecraft:spruce_planks":66,"minecraft:yellow_wall_banner":1,"croptopia:orange_crop":28,"minecraft:mossy_cobblestone":1,"minecraft:cobblestone_stairs":39,"minecraft:dark_oak_log":3,"croptopia:persimmon_crop":8,"minecraft:granite":4,"minecraft:allium":1,"minecraft:acacia_log":30,"minecraft:grass_block":1429,"minecraft:spruce_fence":5,"minecraft:spruce_leaves":57,"minecraft:oxeye_daisy":1,"minecraft:sandstone":36,"minecraft:hay_block":91,"farmersdelight:wild_onions":1,"minecraft:iron_ore":35,"minecraft:andesite":4,"minecraft:dirt_path":4,"minecraft:vine":49,"croptopia:apple_crop":2,"minecraft:stripped_oak_log":2,"minecraft:stone":954,"gravestones:gravestone":1,"minecraft:acacia_leaves":4,"minecraft:soul_fire":1,"minecraft:dandelion":1,"travelersbackpack:standard":2,"minecraft:crafting_table":1,"minecraft:torch":21,"minecraft:emerald_ore":2,"minecraft:dead_bush":23,"minecraft:campfire":1,"minecraft:copper_ore":7,"minecraft:tall_grass":19,"minecraft:cobblestone":30,"farmersdelight:wild_tomatoes":27,"minecraft:oak_planks":9,"minecraft:sugar_cane":2,"minecraft:diorite":28,"minecraft:wall_torch":9,"minecraft:skeleton_skull":3,"croptopia:leek_crop":1,"minecraft:birch_log":23,"minecraft:birch_leaves":53,"croptopia:apricot_crop":6,"minecraft:grass":78,"minecraft:oak_log":216,"minecraft:coal_ore":176,"minecraft:cocoa":1,"minecraft:gravel":2,"minecraft:dirt":1237,"croptopia:saguaro_crop":1,"minecraft:sand":32,"minecraft:stone_bricks":2,"minecraft:oak_leaves":121,"minecraft:deepslate":2},"minecraft:dropped":{"minecraft:glass_bottle":2,"minecraft:emerald":1,"minecraft:dirt":67,"artifacts:novelty_drinking_hat":1,"minecraft:torch":2,"minecraft:iron_shovel":2,"minecraft:dark_oak_planks":1,"minecraft:dandelion":2,"minecraft:bone":2,"minecraft:stone_axe":2,"croptopia:toast":1,"minecraft:stone_sword":2,"minecraft:rotten_flesh":2,"minecraft:oak_planks":3,"minecraft:stone_pickaxe":2,"minecraft:wooden_pickaxe":1},"minecraft:used":{"croptopia:leek":1,"minecraft:stone_sword":55,"minecraft:iron_shovel":501,"minecraft:stone_shovel":2110,"minecraft:ladder":20,"minecraft:chest":2,"minecraft:spruce_planks":25,"minecraft:shield":3,"magistuarmory:rustednorman_helmet":1,"minecraft:iron_sword":24,"minecraft:rotten_flesh":3,"minecraft:torch":172,"minecraft:dirt":1723,"minecraft:allium":2,"minecraft:dark_oak_planks":2,"minecraft:wooden_axe":54,"farmersdelight:tomato":4,"minecraft:lantern":1,"minecraft:hay_block":1,"minecraft:goat_horn":10,"minecraft:furnace":3,"magistuarmory:rusted_bastardsword":80,"minecraft:potato":14,"minecraft:acacia_planks":3,"minecraft:yellow_banner":1,"minecraft:water_bucket":1,"minecraft:cobblestone_stairs":308,"minecraft:stone_pickaxe":856,"minecraft:oak_planks":18,"croptopia:apricot":6,"minecraft:wooden_pickaxe":117,"minecraft:sandstone":9,"naturalist:duck_egg":2,"minecraft:mossy_cobblestone":1,"farmersdelight:onion":1,"minecraft:sand":10,"croptopia:rutabaga":1,"minecraft:crafting_table":15,"minecraft:red_bed":1,"minecraft:crossbow":3,"croptopia:orange":11,"minecraft:apple":1,"minecraft:bread":52,"minecraft:iron_pickaxe":525,"minecraft:stone_axe":362,"croptopia:toast":8,"travelersbackpack:standard":1,"minecraft:cobblestone":272,"minecraft:cooked_porkchop":4,"minecraft:bucket":2,"minecraft:golden_pickaxe":16,"minecraft:experience_bottle":1},"minecraft:custom":{"minecraft:interact_with_smithing_table":4,"minecraft:mob_kills":40,"minecraft:interact_with_crafting_table":76,"minecraft:open_barrel":28,"minecraft:bell_ring":14,"minecraft:leave_game":3,"minecraft:time_since_death":0,"minecraft:climb_one_cm":170459,"minecraft:sprint_one_cm":932521,"minecraft:walk_one_cm":1313953,"minecraft:damage_blocked_by_shield":195,"minecraft:drop":87,"minecraft:play_time":521204,"minecraft:sneak_time":25014,"minecraft:deaths":32,"minecraft:walk_under_water_one_cm":13645,"minecraft:jump":5760,"minecraft:interact_with_blast_furnace":3,"minecraft:walk_on_water_one_cm":28812,"minecraft:total_world_time":521204,"minecraft:interact_with_furnace":30,"minecraft:interact_with_grindstone":2,"minecraft:sleep_in_bed":20,"minecraft:time_since_rest":41077,"minecraft:damage_taken":12778,"minecraft:damage_dealt":7583,"minecraft:swim_one_cm":25335,"minecraft:fly_one_cm":1074351,"minecraft:open_chest":118,"minecraft:crouch_one_cm":107808,"minecraft:interact_with_smoker":7,"minecraft:fall_one_cm":180421,"minecraft:use_cauldron":1},"minecraft:killed":{"minecraft:spider":3,"naturalist:duck":1,"minecraft:skeleton":8,"minecraft:husk":1,"naturalist:firefly":4,"minecraft:wandering_trader":1,"minecraft:creeper":2,"naturalist:finch":2,"minecraft:trader_llama":2,"minecraft:zombie":13},"minecraft:crafted":{"minecraft:oak_planks":232,"minecraft:stone_shovel":16,"minecraft:furnace":3,"minecraft:cobblestone_stairs":306,"minecraft:ladder":47,"minecraft:stone_pickaxe":11,"minecraft:chest":2,"minecraft:dark_oak_planks":12,"minecraft:wheat":729,"minecraft:crafting_table":16,"minecraft:iron_helmet":1,"minecraft:wooden_pickaxe":4,"minecraft:iron_sword":3,"minecraft:bucket":2,"minecraft:stone_axe":5,"minecraft:bread":105,"minecraft:iron_chestplate":1,"minecraft:shield":1,"minecraft:stick":228,"minecraft:iron_ingot":38,"minecraft:iron_pickaxe":3,"minecraft:wooden_axe":2,"minecraft:stone_sword":1,"minecraft:gold_ingot":8,"minecraft:iron_shovel":1,"minecraft:acacia_planks":116,"minecraft:torch":244},"minecraft:killed_by":{"minecraft:husk":1,"minecraft:player":1,"minecraft:creeper":3,"minecraft:skeleton":9,"minecraft:zombie":7},"minecraft:broken":{"minecraft:iron_shovel":2,"magistuarmory:corruptedroundshield":1,"minecraft:stone_pickaxe":6,"minecraft:stone_axe":2,"minecraft:iron_pickaxe":2,"minecraft:golden_pickaxe":1,"minecraft:stone_shovel":15},"minecraft:picked_up":{"minecraft:wooden_axe":1,"minecraft:cocoa_beans":3,"minecraft:crafting_table":1,"minecraft:wheat":34,"minecraft:allium":3,"minecraft:ladder":30,"minecraft:leather_leggings":2,"croptopia:sweetpotato_seed":2,"minecraft:lead":2,"minecraft:wooden_pickaxe":3,"minecraft:cornflower":1,"croptopia:saguaro_seed":2,"minecraft:string":5,"minecraft:red_bed":1,"minecraft:raw_copper":26,"minecraft:iron_shovel":1,"croptopia:pear":5,"minecraft:red_sand":11,"minecraft:cobbled_deepslate":4,"minecraft:bucket":1,"minecraft:spruce_planks":57,"minecraft:sugar_cane":8,"minecraft:birch_sapling":13,"minecraft:iron_boots":1,"minecraft:sandstone":55,"minecraft:stick":120,"minecraft:raw_iron":35,"naturalist:duck":2,"minecraft:brown_terracotta":2,"minecraft:torch":30,"minecraft:acacia_log":29,"minecraft:spruce_fence":4,"farmersdelight:tomato_seeds":45,"minecraft:diorite":27,"minecraft:carrot":2,"minecraft:dark_oak_planks":3,"minecraft:yellow_banner":1,"minecraft:stone_sword":3,"minecraft:arrow":14,"minecraft:stone_shovel":1,"minecraft:rotten_flesh":19,"minecraft:diamond_chestplate":1,"croptopia:persimmon":7,"farmersdelight:onion":1,"minecraft:hay_block":100,"gravestones:gravestone":3,"minecraft:skeleton_skull":3,"minecraft:rail":5,"minecraft:cobblestone":1012,"minecraft:oxeye_daisy":2,"minecraft:stripped_oak_log":2,"minecraft:birch_log":24,"minecraft:feather":2,"artifacts:novelty_drinking_hat":2,"minecraft:andesite":4,"minecraft:leather":3,"artifacts:anglers_hat":1,"minecraft:tuff":6,"minecraft:oak_log":305,"croptopia:leek":1,"minecraft:cobbled_deepslate_stairs":1,"minecraft:gunpowder":1,"minecraft:cobblestone_stairs":39,"minecraft:lapis_lazuli":4,"farmersdelight:tomato":4,"minecraft:dirt":2753,"minecraft:lantern":1,"naturalist:glow_goop":1,"minecraft:bone":14,"minecraft:apple":15,"minecraft:stone_bricks":2,"croptopia:sweetpotato":1,"minecraft:wheat_seeds":36,"minecraft:stone_pickaxe":3,"minecraft:glass_bottle":2,"minecraft:oak_planks":18,"croptopia:apricot":6,"minecraft:dandelion":6,"minecraft:sand":34,"magistuarmory:rustednorman_helmet":3,"minecraft:spruce_sapling":4,"magistuarmory:rustedchainmail_leggings":1,"minecraft:dark_oak_log":3,"minecraft:spider_eye":2,"naturalist:duck_egg":6,"minecraft:mossy_cobblestone":1,"travelersbackpack:standard":3,"croptopia:cherry":16,"croptopia:saguaro":2,"minecraft:diamond":1,"minecraft:stone_axe":3,"magistuarmory:rusted_bastardsword":1,"magistuarmory:corruptedroundshield":1,"croptopia:orange":38,"croptopia:leek_seed":2,"minecraft:granite":4,"minecraft:crossbow":1,"minecraft:emerald":3,"minecraft:bread":48,"minecraft:oak_sapling":72,"minecraft:coal":178,"croptopia:toast":26}},"DataVersion":3465}