{"stats":{"minecraft:dropped":{"minecraft:glass_bottle":2,"minecraft:emerald":1,"minecraft:iron_shovel":2,"minecraft:dark_oak_planks":1,"minecraft:stone_axe":2,"minecraft:stone_sword":2,"minecraft:oak_planks":3,"minecraft:wooden_pickaxe":1,"minecraft:stone_pickaxe":2},"minecraft:broken":{"magistuarmory:corruptedroundshield":1,"minecraft:stone_pickaxe":6,"minecraft:stone_axe":1,"minecraft:golden_pickaxe":1},"minecraft:killed":{"naturalist:duck":1,"minecraft:skeleton":4,"minecraft:husk":1,"minecraft:creeper":1,"naturalist:finch":2,"minecraft:zombie":5},"minecraft:mined":{"minecraft:dark_oak_planks":2,"minecraft:tuff":2,"minecraft:spruce_planks":48,"croptopia:orange_crop":21,"minecraft:mossy_cobblestone":1,"minecraft:cobblestone_stairs":6,"minecraft:dark_oak_log":3,"croptopia:persimmon_crop":8,"minecraft:granite":3,"minecraft:acacia_log":30,"minecraft:allium":1,"minecraft:grass_block":52,"minecraft:spruce_fence":5,"minecraft:spruce_leaves":8,"minecraft:sandstone":36,"minecraft:hay_block":26,"farmersdelight:wild_onions":1,"minecraft:iron_ore":26,"minecraft:andesite":4,"croptopia:apple_crop":2,"minecraft:vine":14,"minecraft:stripped_oak_log":2,"minecraft:stone":692,"minecraft:acacia_leaves":4,"minecraft:soul_fire":1,"travelersbackpack:standard":2,"minecraft:torch":1,"minecraft:emerald_ore":2,"minecraft:dead_bush":23,"minecraft:copper_ore":7,"minecraft:cobblestone":28,"farmersdelight:wild_tomatoes":27,"minecraft:sugar_cane":2,"minecraft:diorite":26,"minecraft:wall_torch":1,"minecraft:skeleton_skull":3,"croptopia:leek_crop":1,"croptopia:apricot_crop":6,"minecraft:grass":7,"minecraft:oak_log":160,"minecraft:coal_ore":128,"croptopia:saguaro_crop":1,"minecraft:gravel":1,"minecraft:sand":32,"minecraft:dirt":118,"minecraft:stone_bricks":2,"minecraft:oak_leaves":23,"minecraft:deepslate":2},"minecraft:custom":{"minecraft:mob_kills":17,"minecraft:interact_with_crafting_table":47,"minecraft:open_barrel":3,"minecraft:bell_ring":13,"minecraft:leave_game":2,"minecraft:time_since_death":52541,"minecraft:climb_one_cm":29023,"minecraft:sprint_one_cm":442907,"minecraft:walk_one_cm":543579,"minecraft:damage_blocked_by_shield":195,"minecraft:drop":13,"minecraft:play_time":201789,"minecraft:deaths":16,"minecraft:sneak_time":7192,"minecraft:walk_under_water_one_cm":9399,"minecraft:jump":3048,"minecraft:walk_on_water_one_cm":27207,"minecraft:total_world_time":201789,"minecraft:interact_with_furnace":23,"minecraft:interact_with_grindstone":1,"minecraft:sleep_in_bed":6,"minecraft:time_since_rest":11492,"minecraft:damage_taken":5764,"minecraft:damage_dealt":3463,"minecraft:swim_one_cm":25335,"minecraft:fly_one_cm":569014,"minecraft:open_chest":54,"minecraft:crouch_one_cm":28948,"minecraft:interact_with_smoker":1,"minecraft:use_cauldron":1,"minecraft:fall_one_cm":85010},"minecraft:killed_by":{"minecraft:husk":1,"minecraft:creeper":2,"minecraft:skeleton":5,"minecraft:zombie":5},"minecraft:crafted":{"minecraft:oak_planks":88,"minecraft:furnace":3,"minecraft:cobblestone_stairs":40,"minecraft:stone_pickaxe":11,"minecraft:dark_oak_planks":12,"minecraft:wheat":153,"minecraft:crafting_table":13,"minecraft:wooden_pickaxe":4,"minecraft:iron_helmet":1,"minecraft:iron_sword":1,"minecraft:bucket":2,"minecraft:stone_axe":4,"minecraft:bread":30,"minecraft:iron_chestplate":1,"minecraft:shield":1,"minecraft:stick":44,"minecraft:iron_pickaxe":1,"minecraft:iron_ingot":30,"minecraft:wooden_axe":2,"minecraft:stone_sword":1,"minecraft:acacia_planks":116,"minecraft:torch":60},"minecraft:used":{"croptopia:leek":1,"minecraft:stone_sword":55,"minecraft:iron_shovel":161,"minecraft:stone_shovel":2,"minecraft:spruce_planks":21,"minecraft:shield":3,"minecraft:iron_sword":3,"minecraft:rotten_flesh":3,"minecraft:torch":25,"minecraft:dirt":39,"minecraft:allium":2,"minecraft:dark_oak_planks":2,"minecraft:wooden_axe":54,"farmersdelight:tomato":4,"minecraft:furnace":3,"minecraft:acacia_planks":3,"minecraft:water_bucket":1,"minecraft:cobblestone_stairs":42,"minecraft:stone_pickaxe":856,"croptopia:apricot":6,"minecraft:wooden_pickaxe":112,"minecraft:sandstone":9,"naturalist:duck_egg":2,"minecraft:mossy_cobblestone":1,"farmersdelight:onion":1,"minecraft:sand":10,"minecraft:crafting_table":12,"croptopia:orange":5,"minecraft:bread":23,"minecraft:iron_pickaxe":134,"minecraft:stone_axe":184,"minecraft:cobblestone":241,"travelersbackpack:standard":1,"minecraft:cooked_porkchop":3,"minecraft:bucket":1,"minecraft:golden_pickaxe":16},"minecraft:picked_up":{"minecraft:wooden_axe":1,"minecraft:wheat":34,"minecraft:allium":3,"minecraft:leather_leggings":2,"minecraft:wooden_pickaxe":3,"minecraft:raw_copper":26,"croptopia:saguaro_seed":2,"minecraft:string":1,"minecraft:red_bed":1,"minecraft:iron_shovel":1,"minecraft:red_sand":11,"minecraft:cobbled_deepslate":4,"minecraft:bucket":1,"minecraft:spruce_planks":39,"minecraft:sugar_cane":8,"minecraft:iron_boots":1,"minecraft:sandstone":55,"minecraft:stick":89,"minecraft:raw_iron":26,"naturalist:duck":2,"minecraft:brown_terracotta":2,"minecraft:torch":2,"minecraft:acacia_log":29,"minecraft:spruce_fence":4,"farmersdelight:tomato_seeds":45,"minecraft:diorite":26,"minecraft:carrot":2,"minecraft:dark_oak_planks":3,"minecraft:diamond_chestplate":1,"minecraft:rotten_flesh":9,"minecraft:stone_sword":3,"minecraft:arrow":10,"minecraft:stone_shovel":1,"croptopia:persimmon":7,"farmersdelight:onion":1,"minecraft:hay_block":35,"gravestones:gravestone":2,"minecraft:cobblestone":712,"minecraft:skeleton_skull":3,"minecraft:rail":5,"minecraft:stripped_oak_log":2,"minecraft:feather":2,"minecraft:andesite":4,"artifacts:anglers_hat":1,"minecraft:tuff":6,"minecraft:oak_log":249,"croptopia:leek":1,"minecraft:cobbled_deepslate_stairs":1,"minecraft:gunpowder":1,"minecraft:cobblestone_stairs":6,"minecraft:dirt":187,"minecraft:lapis_lazuli":4,"farmersdelight:tomato":4,"minecraft:bone":10,"minecraft:apple":6,"minecraft:stone_bricks":2,"minecraft:wheat_seeds":2,"minecraft:stone_pickaxe":3,"minecraft:glass_bottle":2,"minecraft:oak_planks":14,"croptopia:apricot":6,"minecraft:sand":34,"minecraft:spruce_sapling":1,"naturalist:duck_egg":6,"minecraft:dark_oak_log":3,"minecraft:spider_eye":2,"minecraft:mossy_cobblestone":1,"croptopia:cherry":16,"travelersbackpack:standard":3,"croptopia:saguaro":2,"minecraft:stone_axe":3,"croptopia:leek_seed":2,"magistuarmory:corruptedroundshield":1,"croptopia:orange":32,"minecraft:granite":3,"minecraft:emerald":3,"minecraft:bread":48,"minecraft:oak_sapling":35,"minecraft:coal":132}},"DataVersion":3465}