{"stats":{"minecraft:crafted":{"minecraft:oak_planks":24,"minecraft:flint_and_steel":1,"minecraft:stone_pickaxe":2,"minecraft:chest":1,"minecraft:crafting_table":2,"minecraft:wooden_pickaxe":1,"minecraft:iron_sword":1,"minecraft:shield":1,"minecraft:stick":74,"minecraft:iron_pickaxe":1,"minecraft:iron_ingot":16,"minecraft:wooden_axe":1,"minecraft:stone_sword":1,"minecraft:acacia_planks":76,"minecraft:torch":8},"minecraft:killed_by":{"minecraft:drowned":1,"minecraft:skeleton":4,"minecraft:zombie":2},"minecraft:mined":{"croptopia:orange_crop":11,"minecraft:granite":9,"minecraft:red_sand":1,"minecraft:acacia_log":23,"minecraft:redstone_ore":6,"minecraft:iron_ore":45,"minecraft:fire":1,"minecraft:andesite":13,"minecraft:deepslate_lapis_ore":3,"minecraft:deepslate_iron_ore":2,"minecraft:stone":513,"gravestones:gravestone":1,"travelersbackpack:standard":1,"minecraft:torch":3,"minecraft:crafting_table":1,"minecraft:campfire":1,"minecraft:cobblestone":4,"minecraft:lapis_ore":6,"minecraft:deepslate_gold_ore":6,"farmersdelight:wild_tomatoes":10,"minecraft:diorite":5,"croptopia:olive_crop":1,"minecraft:wall_torch":4,"minecraft:mud":2,"minecraft:yellow_bed":1,"croptopia:apricot_crop":2,"minecraft:grass":8,"minecraft:oak_log":45,"minecraft:coal_ore":19,"minecraft:gravel":2,"minecraft:dirt":4,"minecraft:brown_terracotta":1,"minecraft:terracotta":1,"minecraft:gold_ore":3,"minecraft:oak_leaves":6,"minecraft:deepslate":8},"minecraft:custom":{"minecraft:mob_kills":9,"minecraft:interact_with_crafting_table":18,"minecraft:open_barrel":10,"minecraft:leave_game":1,"minecraft:time_since_death":6149,"minecraft:sprint_one_cm":193102,"minecraft:walk_one_cm":336977,"minecraft:damage_blocked_by_shield":360,"minecraft:drop":17,"minecraft:play_time":100225,"minecraft:deaths":8,"minecraft:sneak_time":1275,"minecraft:walk_under_water_one_cm":11935,"minecraft:jump":1925,"minecraft:interact_with_blast_furnace":3,"minecraft:walk_on_water_one_cm":19088,"minecraft:total_world_time":100225,"minecraft:interact_with_furnace":17,"minecraft:time_since_rest":6183,"minecraft:damage_taken":2536,"minecraft:damage_dealt":1913,"minecraft:swim_one_cm":25152,"minecraft:fly_one_cm":334912,"minecraft:open_chest":15,"minecraft:crouch_one_cm":4871,"minecraft:interact_with_smoker":2,"minecraft:fall_one_cm":58046},"minecraft:used":{"minecraft:stone_sword":7,"minecraft:acacia_log":3,"minecraft:flint_and_steel":2,"minecraft:chest":1,"minecraft:shield":6,"minecraft:iron_sword":24,"minecraft:rotten_flesh":17,"minecraft:torch":25,"minecraft:dirt":6,"minecraft:granite":4,"minecraft:wooden_axe":22,"farmersdelight:tomato":3,"magistuarmory:steel_zweihander":4,"magistuarmory:rusted_bastardsword":3,"croptopia:cooked_calamari":1,"minecraft:cobbled_deepslate":6,"minecraft:acacia_planks":7,"minecraft:golden_axe":41,"minecraft:stone_pickaxe":180,"minecraft:wooden_pickaxe":59,"minecraft:crafting_table":3,"croptopia:orange":1,"minecraft:mud":2,"minecraft:bread":2,"minecraft:iron_pickaxe":421,"minecraft:gravel":1,"croptopia:toast":1,"minecraft:cobblestone":29,"travelersbackpack:standard":3,"minecraft:andesite":13},"minecraft:dropped":{"minecraft:iron_sword":1,"minecraft:feather":6,"minecraft:cobblestone":64,"minecraft:granite":3,"travelersbackpack:standard":1,"minecraft:diorite":7,"artifacts:novelty_drinking_hat":1,"minecraft:wooden_axe":1,"minecraft:paper":2,"minecraft:string":1,"minecraft:gravel":1,"minecraft:raw_iron":9,"artifacts:flame_pendant":1,"minecraft:pumpkin_seeds":10,"minecraft:andesite":7,"minecraft:cartography_table":1},"minecraft:broken":{"minecraft:wooden_pickaxe":1,"minecraft:stone_pickaxe":1,"minecraft:golden_axe":1,"minecraft:iron_pickaxe":1},"minecraft:killed":{"minecraft:spider":2,"naturalist:snail":1,"minecraft:skeleton":1,"minecraft:drowned":1,"minecraft:zombie_villager":1,"minecraft:zombie":3},"minecraft:picked_up":{"croptopia:toast":1,"minecraft:mud":2,"minecraft:crafting_table":1,"croptopia:kale":2,"croptopia:cabbage_seed":4,"minecraft:heavy_weighted_pressure_plate":3,"minecraft:string":1,"minecraft:raw_copper":12,"minecraft:cartography_table":3,"minecraft:cobbled_deepslate":70,"minecraft:detector_rail":3,"minecraft:raw_iron":47,"minecraft:stick":4,"minecraft:torch":7,"minecraft:acacia_log":22,"croptopia:olive_seed":2,"minecraft:golden_axe":1,"farmersdelight:tomato_seeds":10,"minecraft:diorite":12,"minecraft:redstone":50,"minecraft:rotten_flesh":33,"minecraft:beetroot_seeds":6,"magistuarmory:steel_zweihander":2,"gravestones:gravestone":1,"minecraft:cobblestone":529,"magistuarmory:rustedhalfarmor_chestplate":1,"minecraft:feather":7,"artifacts:novelty_drinking_hat":2,"minecraft:glow_ink_sac":2,"minecraft:andesite":20,"croptopia:glowing_calamari":1,"minecraft:oak_log":46,"artifacts:flame_pendant":1,"minecraft:yellow_bed":1,"magistuarmory:chainmail_horse_armor":1,"croptopia:cooked_calamari":1,"minecraft:lapis_lazuli":64,"farmersdelight:tomato":3,"minecraft:dirt":6,"minecraft:paper":4,"croptopia:olive":1,"minecraft:bone":2,"minecraft:acacia_planks":21,"minecraft:raw_gold":9,"minecraft:cobweb":6,"croptopia:kale_seed":2,"minecraft:iron_sword":1,"minecraft:acacia_sapling":2,"croptopia:apricot":4,"minecraft:gravel":3,"magistuarmory:rustedchainmail_leggings":1,"travelersbackpack:standard":3,"minecraft:pumpkin_seeds":20,"magistuarmory:rusted_bastardsword":2,"croptopia:orange":9,"minecraft:granite":12,"minecraft:coal":19}},"DataVersion":3465}