{"stats":{"minecraft:mined":{"minecraft:attached_pumpkin_stem":7,"minecraft:yellow_wall_banner":18,"croptopia:orange_crop":13,"minecraft:cobbled_deepslate_stairs":1,"croptopia:kale_crop":1,"minecraft:jungle_leaves":4,"minecraft:purple_candle":4,"minecraft:spruce_trapdoor":5,"minecraft:granite":8,"croptopia:lime_crop":2,"minecraft:allium":2,"minecraft:grass_block":12,"minecraft:spruce_fence":2,"minecraft:jungle_planks":1,"minecraft:jungle_log":20,"minecraft:purple_stained_glass_pane":10,"minecraft:soul_soil":1,"minecraft:cartography_table":1,"minecraft:sandstone":17,"minecraft:spawner":2,"croptopia:barley_crop":1,"minecraft:hay_block":28,"farmersdelight:wild_onions":12,"minecraft:furnace":2,"minecraft:carrots":34,"minecraft:iron_ore":19,"minecraft:barrel":9,"croptopia:corn_crop":3,"minecraft:pumpkin":7,"minecraft:pointed_dripstone":3,"minecraft:potatoes":24,"minecraft:vine":6,"minecraft:iron_bars":1,"minecraft:potted_spruce_sapling":2,"minecraft:black_candle":15,"minecraft:bamboo":2,"minecraft:stone":61,"minecraft:spruce_slab":2,"minecraft:smithing_table":1,"croptopia:starfruit_crop":2,"minecraft:scaffolding":25,"minecraft:melon_stem":11,"minecraft:potted_lily_of_the_valley":1,"minecraft:medium_amethyst_bud":2,"minecraft:stone_brick_slab":1,"croptopia:sweetpotato_crop":2,"minecraft:crafting_table":3,"minecraft:torch":2,"croptopia:cinnamon_log":4,"minecraft:melon":6,"minecraft:chest":10,"minecraft:lectern":1,"minecraft:cobblestone":16,"minecraft:diorite":1,"minecraft:oak_planks":4,"farmersdelight:wild_tomatoes":4,"minecraft:cyan_bed":2,"minecraft:grindstone":3,"croptopia:banana_crop":5,"minecraft:sugar_cane":3,"minecraft:wall_torch":5,"croptopia:spinach_crop":1,"minecraft:spruce_stairs":8,"croptopia:leek_crop":3,"minecraft:powered_rail":1,"minecraft:beehive":1,"minecraft:birch_log":6,"minecraft:wheat":135,"minecraft:birch_leaves":5,"croptopia:dragonfruit_crop":3,"minecraft:grass":16,"croptopia:cinnamon_leaves":2,"croptopia:turmeric_crop":1,"minecraft:oak_log":14,"minecraft:coal_ore":1,"minecraft:beetroots":26,"minecraft:cocoa":2,"croptopia:saguaro_crop":1,"croptopia:kiwi_crop":1,"minecraft:loom":2,"minecraft:sand":248,"minecraft:dirt":11,"croptopia:rutabaga_crop":1,"minecraft:oak_button":1,"minecraft:stonecutter":3,"minecraft:stone_bricks":4,"minecraft:mossy_stone_bricks":3,"minecraft:oak_leaves":23,"minecraft:deepslate":1},"minecraft:dropped":{"minecraft:wheat_seeds":317,"minecraft:cobbled_deepslate_stairs":1,"minecraft:cobblestone":1,"minecraft:stick":9,"minecraft:dirt":13,"minecraft:birch_log":6,"minecraft:stone_brick_slab":1,"minecraft:tuff":2,"minecraft:birch_sapling":1,"minecraft:rotten_flesh":6,"minecraft:allium":16,"minecraft:wooden_pickaxe":1,"minecraft:stone_pickaxe":2},"minecraft:used":{"minecraft:iron_shovel":250,"minecraft:stone_sword":22,"minecraft:iron_bars":1,"minecraft:stone_shovel":5,"minecraft:chest":9,"minecraft:torch":56,"minecraft:jungle_planks":69,"minecraft:allium":8,"minecraft:granite":8,"minecraft:bamboo":13,"minecraft:soul_soil":1,"minecraft:scaffolding":5,"minecraft:furnace":3,"magistuarmory:rusted_bastardsword":25,"minecraft:cobbled_deepslate":1,"magistuarmory:rustedchainmail_leggings":1,"minecraft:baked_potato":1,"minecraft:oak_planks":20,"minecraft:stone_pickaxe":27,"minecraft:sandstone":8,"minecraft:wooden_pickaxe":9,"minecraft:leather_chestplate":1,"minecraft:stonecutter":3,"minecraft:sand":4,"minecraft:crafting_table":5,"minecraft:cobbled_deepslate_stairs":1,"minecraft:apple":1,"minecraft:iron_pickaxe":136,"minecraft:bread":42,"minecraft:cyan_bed":2,"minecraft:oak_button":1,"minecraft:stone_axe":174,"minecraft:cobblestone":17,"minecraft:grindstone":3},"minecraft:custom":{"minecraft:mob_kills":8,"minecraft:interact_with_crafting_table":10,"minecraft:open_barrel":21,"minecraft:leave_game":3,"minecraft:time_since_death":23590,"minecraft:climb_one_cm":13484,"minecraft:sprint_one_cm":682340,"minecraft:walk_one_cm":227539,"minecraft:drop":22,"minecraft:talked_to_villager":1,"minecraft:play_time":109318,"minecraft:deaths":1,"minecraft:sneak_time":2936,"minecraft:walk_under_water_one_cm":5787,"minecraft:interact_with_lectern":3,"minecraft:jump":2571,"minecraft:walk_on_water_one_cm":5543,"minecraft:total_world_time":109318,"minecraft:interact_with_furnace":2,"minecraft:interact_with_loom":1,"minecraft:sleep_in_bed":3,"minecraft:time_since_rest":1057,"minecraft:damage_taken":1324,"minecraft:damage_dealt":1035,"minecraft:swim_one_cm":18945,"minecraft:fly_one_cm":639133,"minecraft:open_chest":110,"minecraft:crouch_one_cm":10158,"minecraft:fall_one_cm":89559},"minecraft:killed":{"naturalist:rattlesnake":1,"minecraft:spider":1,"minecraft:skeleton":2,"naturalist:snail":1,"minecraft:bee":2,"minecraft:zombie_villager":1},"minecraft:crafted":{"croptopia:apple_sapling":1,"minecraft:oak_planks":56,"minecraft:stone_shovel":1,"minecraft:furnace":2,"minecraft:stone_pickaxe":1,"minecraft:chest":1,"minecraft:stone_hoe":1,"minecraft:wheat":246,"croptopia:cinnamon_wood":1,"croptopia:orange_sapling":3,"minecraft:crafting_table":3,"minecraft:wooden_pickaxe":1,"minecraft:stone_axe":2,"minecraft:bread":120,"minecraft:jungle_planks":80,"minecraft:stick":40,"minecraft:iron_pickaxe":1,"minecraft:iron_ingot":1,"minecraft:stone_sword":1,"minecraft:torch":48,"croptopia:lime_sapling":1},"minecraft:killed_by":{"naturalist:rattlesnake":1},"minecraft:broken":{"minecraft:iron_shovel":1,"minecraft:stone_axe":1},"minecraft:picked_up":{"minecraft:golden_pickaxe":1,"minecraft:chest_minecart":1,"minecraft:cocoa_beans":6,"minecraft:charcoal":1,"minecraft:smithing_table":1,"minecraft:crafting_table":4,"minecraft:allium":23,"minecraft:wheat":149,"minecraft:flower_pot":3,"croptopia:cinnamon_log":4,"croptopia:kale":2,"croptopia:sweetpotato_seed":6,"minecraft:enchanted_book":1,"croptopia:saguaro_seed":1,"minecraft:string":8,"minecraft:soul_soil":1,"minecraft:beetroot":21,"minecraft:activator_rail":4,"minecraft:cartography_table":1,"minecraft:cobbled_deepslate":1,"minecraft:azalea":2,"minecraft:jungle_sapling":2,"minecraft:iron_pickaxe":1,"minecraft:spruce_slab":8,"minecraft:chest":10,"minecraft:lectern":1,"croptopia:cinnamon_sapling":6,"minecraft:melon_slice":24,"minecraft:sugar_cane":24,"minecraft:birch_sapling":1,"minecraft:spruce_trapdoor":5,"minecraft:furnace":3,"minecraft:sandstone":16,"minecraft:spruce_pressure_plate":1,"minecraft:beehive":1,"minecraft:stick":8,"minecraft:raw_iron":24,"croptopia:corn_seed":8,"croptopia:barley_seed":1,"minecraft:torch":8,"croptopia:rutabaga":1,"minecraft:spruce_stairs":9,"minecraft:spruce_fence":7,"farmersdelight:tomato_seeds":4,"minecraft:pointed_dripstone":5,"minecraft:diorite":1,"minecraft:carrot":76,"croptopia:banana":10,"minecraft:yellow_banner":34,"minecraft:purple_candle":4,"minecraft:arrow":1,"minecraft:cactus":12,"minecraft:rotten_flesh":11,"minecraft:beetroot_seeds":64,"farmersdelight:onion":12,"minecraft:hay_block":34,"minecraft:rail":5,"minecraft:iron_bars":1,"minecraft:cod":6,"minecraft:cobblestone":77,"minecraft:birch_log":6,"minecraft:feather":4,"minecraft:salmon":2,"minecraft:jungle_log":20,"minecraft:potato":62,"croptopia:spinach":1,"minecraft:oak_log":14,"croptopia:leek":5,"minecraft:cobbled_deepslate_stairs":1,"minecraft:paper":23,"minecraft:dirt":19,"croptopia:kiwi_seed":2,"minecraft:bone":4,"croptopia:corn":4,"croptopia:barley":1,"croptopia:sweetpotato":4,"minecraft:stonecutter":4,"minecraft:wheat_seeds":383,"minecraft:raw_gold":2,"minecraft:grindstone":3,"minecraft:stone_pickaxe":1,"minecraft:powered_rail":1,"minecraft:bamboo":13,"minecraft:oak_planks":4,"croptopia:kale_seed":4,"croptopia:lime":2,"croptopia:kiwi":1,"minecraft:green_dye":2,"minecraft:book":1,"minecraft:scaffolding":44,"minecraft:black_candle":25,"croptopia:dragonfruit":6,"minecraft:pumpkin":7,"croptopia:starfruit":2,"minecraft:stone_brick_slab":1,"croptopia:turmeric":1,"minecraft:jungle_planks":1,"minecraft:sand":248,"croptopia:turmeric_seed":2,"croptopia:lime_sapling":1,"croptopia:rutabaga_seed":2,"minecraft:spruce_sapling":2,"minecraft:cyan_bed":2,"minecraft:loom":2,"minecraft:dead_bush":2,"minecraft:lily_of_the_valley":1,"minecraft:trapped_chest":1,"minecraft:spider_eye":1,"minecraft:barrel":13,"croptopia:spinach_seed":1,"minecraft:pumpkin_seeds":15,"croptopia:saguaro":1,"minecraft:sugar":13,"magistuarmory:rusted_bastardsword":1,"minecraft:chainmail_leggings":1,"croptopia:orange":13,"croptopia:leek_seed":10,"minecraft:granite":8,"minecraft:bread":54,"minecraft:spruce_sign":5,"minecraft:oak_button":1,"minecraft:oak_sapling":1,"minecraft:melon_seeds":15,"minecraft:coal":24}},"DataVersion":3465}