{"stats":{"minecraft:custom":{"minecraft:mob_kills":5,"minecraft:interact_with_crafting_table":10,"minecraft:open_barrel":15,"minecraft:leave_game":2,"minecraft:time_since_death":82861,"minecraft:climb_one_cm":12980,"minecraft:sprint_one_cm":531133,"minecraft:walk_one_cm":174563,"minecraft:drop":22,"minecraft:talked_to_villager":1,"minecraft:play_time":82861,"minecraft:sneak_time":1948,"minecraft:walk_under_water_one_cm":2901,"minecraft:interact_with_lectern":3,"minecraft:jump":1839,"minecraft:walk_on_water_one_cm":2695,"minecraft:total_world_time":82861,"minecraft:interact_with_loom":1,"minecraft:sleep_in_bed":1,"minecraft:time_since_rest":45500,"minecraft:damage_taken":726,"minecraft:damage_dealt":536,"minecraft:swim_one_cm":13320,"minecraft:fly_one_cm":416706,"minecraft:open_chest":71,"minecraft:crouch_one_cm":8104,"minecraft:fall_one_cm":62171},"minecraft:mined":{"minecraft:attached_pumpkin_stem":7,"minecraft:yellow_wall_banner":18,"croptopia:orange_crop":13,"minecraft:cobbled_deepslate_stairs":1,"croptopia:kale_crop":1,"minecraft:jungle_leaves":4,"minecraft:purple_candle":4,"minecraft:spruce_trapdoor":5,"croptopia:lime_crop":2,"minecraft:allium":2,"minecraft:grass_block":12,"minecraft:spruce_fence":2,"minecraft:jungle_planks":1,"minecraft:jungle_log":20,"minecraft:purple_stained_glass_pane":10,"minecraft:soul_soil":1,"minecraft:sandstone":4,"minecraft:spawner":2,"croptopia:barley_crop":1,"minecraft:hay_block":28,"farmersdelight:wild_onions":12,"minecraft:furnace":1,"minecraft:carrots":34,"minecraft:iron_ore":2,"minecraft:barrel":5,"croptopia:corn_crop":3,"minecraft:pumpkin":7,"minecraft:potatoes":24,"minecraft:vine":6,"minecraft:iron_bars":1,"minecraft:potted_spruce_sapling":2,"minecraft:black_candle":13,"minecraft:bamboo":2,"minecraft:stone":43,"minecraft:spruce_slab":2,"croptopia:starfruit_crop":2,"minecraft:scaffolding":25,"minecraft:melon_stem":11,"minecraft:medium_amethyst_bud":2,"minecraft:potted_lily_of_the_valley":1,"minecraft:stone_brick_slab":1,"croptopia:sweetpotato_crop":2,"minecraft:crafting_table":3,"minecraft:torch":2,"croptopia:cinnamon_log":4,"minecraft:melon":6,"minecraft:chest":6,"minecraft:lectern":1,"farmersdelight:wild_tomatoes":4,"croptopia:banana_crop":5,"minecraft:sugar_cane":3,"minecraft:wall_torch":1,"croptopia:spinach_crop":1,"minecraft:spruce_stairs":8,"croptopia:leek_crop":3,"minecraft:beehive":1,"minecraft:birch_log":6,"minecraft:wheat":135,"minecraft:birch_leaves":5,"croptopia:dragonfruit_crop":3,"minecraft:grass":16,"minecraft:oak_log":14,"croptopia:turmeric_crop":1,"minecraft:coal_ore":1,"croptopia:cinnamon_leaves":2,"minecraft:beetroots":26,"minecraft:cocoa":2,"croptopia:saguaro_crop":1,"minecraft:sand":248,"croptopia:kiwi_crop":1,"minecraft:loom":2,"minecraft:dirt":11,"croptopia:rutabaga_crop":1,"minecraft:oak_button":1,"minecraft:stonecutter":1,"minecraft:stone_bricks":4,"minecraft:mossy_stone_bricks":3,"minecraft:oak_leaves":23,"minecraft:deepslate":1},"minecraft:dropped":{"minecraft:wheat_seeds":317,"minecraft:cobbled_deepslate_stairs":1,"minecraft:cobblestone":1,"minecraft:stick":9,"minecraft:dirt":13,"minecraft:birch_log":6,"minecraft:stone_brick_slab":1,"minecraft:tuff":2,"minecraft:birch_sapling":1,"minecraft:rotten_flesh":6,"minecraft:allium":16,"minecraft:wooden_pickaxe":1,"minecraft:stone_pickaxe":2},"minecraft:crafted":{"croptopia:apple_sapling":1,"minecraft:oak_planks":56,"minecraft:stone_shovel":1,"minecraft:furnace":2,"minecraft:stone_pickaxe":1,"minecraft:chest":1,"minecraft:stone_hoe":1,"minecraft:wheat":246,"croptopia:orange_sapling":3,"minecraft:crafting_table":3,"minecraft:wooden_pickaxe":1,"minecraft:stone_axe":2,"minecraft:bread":120,"minecraft:jungle_planks":80,"minecraft:stick":20,"minecraft:iron_ingot":1,"minecraft:iron_pickaxe":1,"minecraft:stone_sword":1,"minecraft:torch":12,"croptopia:lime_sapling":1},"minecraft:killed":{"minecraft:spider":1,"naturalist:snail":1,"minecraft:bee":2,"minecraft:zombie_villager":1},"minecraft:used":{"minecraft:iron_bars":1,"minecraft:stone_sword":22,"minecraft:iron_shovel":250,"minecraft:stone_shovel":5,"minecraft:chest":5,"minecraft:torch":15,"minecraft:jungle_planks":69,"minecraft:allium":8,"minecraft:bamboo":13,"minecraft:soul_soil":1,"minecraft:scaffolding":5,"minecraft:furnace":2,"magistuarmory:rusted_bastardsword":11,"minecraft:cobbled_deepslate":1,"magistuarmory:rustedchainmail_leggings":1,"minecraft:oak_planks":20,"minecraft:stone_pickaxe":27,"minecraft:baked_potato":1,"minecraft:leather_chestplate":1,"minecraft:wooden_pickaxe":9,"minecraft:sand":4,"minecraft:crafting_table":5,"minecraft:cobbled_deepslate_stairs":1,"minecraft:apple":1,"minecraft:bread":30,"minecraft:oak_button":1,"minecraft:iron_pickaxe":52,"minecraft:stone_axe":159},"minecraft:broken":{"minecraft:iron_shovel":1,"minecraft:stone_axe":1},"minecraft:picked_up":{"minecraft:cocoa_beans":6,"minecraft:crafting_table":4,"minecraft:allium":23,"minecraft:wheat":133,"croptopia:cinnamon_log":4,"minecraft:flower_pot":3,"croptopia:kale":2,"croptopia:sweetpotato_seed":6,"minecraft:enchanted_book":1,"croptopia:saguaro_seed":1,"minecraft:string":2,"minecraft:soul_soil":1,"minecraft:beetroot":21,"minecraft:cobbled_deepslate":1,"minecraft:jungle_sapling":1,"minecraft:azalea":1,"minecraft:spruce_slab":4,"minecraft:lectern":1,"minecraft:melon_slice":24,"minecraft:sugar_cane":8,"croptopia:cinnamon_sapling":3,"minecraft:chest":6,"minecraft:birch_sapling":1,"minecraft:spruce_trapdoor":5,"minecraft:furnace":2,"minecraft:sandstone":3,"minecraft:spruce_pressure_plate":1,"minecraft:beehive":1,"minecraft:stick":8,"minecraft:raw_iron":2,"croptopia:corn_seed":8,"croptopia:barley_seed":1,"minecraft:torch":4,"croptopia:rutabaga":1,"minecraft:spruce_stairs":9,"minecraft:spruce_fence":2,"farmersdelight:tomato_seeds":4,"minecraft:carrot":76,"croptopia:banana":5,"minecraft:yellow_banner":34,"minecraft:purple_candle":4,"minecraft:cactus":12,"minecraft:rotten_flesh":4,"minecraft:beetroot_seeds":64,"farmersdelight:onion":12,"minecraft:hay_block":34,"minecraft:iron_bars":1,"minecraft:cod":6,"minecraft:cobblestone":43,"minecraft:birch_log":6,"minecraft:jungle_log":20,"minecraft:salmon":2,"minecraft:potato":62,"croptopia:spinach":1,"minecraft:oak_log":14,"croptopia:leek":5,"minecraft:cobbled_deepslate_stairs":1,"minecraft:paper":23,"minecraft:dirt":19,"croptopia:kiwi_seed":2,"croptopia:corn":4,"croptopia:barley":1,"croptopia:sweetpotato":4,"minecraft:stonecutter":1,"minecraft:wheat_seeds":383,"minecraft:stone_pickaxe":1,"minecraft:bamboo":13,"croptopia:kale_seed":4,"croptopia:kiwi":1,"croptopia:lime":2,"minecraft:green_dye":2,"minecraft:book":1,"minecraft:scaffolding":44,"minecraft:black_candle":19,"croptopia:dragonfruit":3,"minecraft:pumpkin":7,"croptopia:starfruit":2,"minecraft:stone_brick_slab":1,"croptopia:turmeric":1,"minecraft:sand":248,"minecraft:jungle_planks":1,"minecraft:spruce_sapling":2,"croptopia:rutabaga_seed":2,"croptopia:turmeric_seed":2,"minecraft:loom":2,"minecraft:dead_bush":2,"minecraft:lily_of_the_valley":1,"minecraft:spider_eye":1,"croptopia:spinach_seed":1,"minecraft:barrel":9,"minecraft:pumpkin_seeds":15,"croptopia:saguaro":1,"magistuarmory:rusted_bastardsword":1,"croptopia:leek_seed":10,"croptopia:orange":13,"minecraft:spruce_sign":5,"minecraft:oak_button":1,"minecraft:oak_sapling":1,"minecraft:melon_seeds":15,"minecraft:coal":16}},"DataVersion":3465}