{"stats":{"minecraft:killed_by":{"naturalist:rattlesnake":1,"minecraft:creeper":1},"minecraft:crafted":{"minecraft:oak_planks":60,"minecraft:glass":24,"minecraft:hopper":3,"minecraft:chest":5,"minecraft:stone_hoe":1,"minecraft:crafting_table":5,"minecraft:wooden_pickaxe":1,"travelersbackpack:standard":1,"minecraft:shield":1,"minecraft:stick":68,"minecraft:iron_ingot":12,"minecraft:iron_pickaxe":1,"minecraft:stone_sword":1,"minecraft:sandstone":108,"croptopia:apple_sapling":1,"minecraft:stone_shovel":1,"minecraft:furnace":3,"minecraft:bone_meal":6,"travelersbackpack:light_gray_sleeping_bag":1,"minecraft:stone_pickaxe":1,"minecraft:dark_oak_planks":8,"minecraft:wheat":246,"croptopia:cinnamon_wood":1,"croptopia:orange_sapling":3,"travelersbackpack:backpack_tank":4,"minecraft:stone_axe":2,"minecraft:bread":120,"minecraft:air":0,"minecraft:jungle_planks":104,"minecraft:iron_shovel":1,"minecraft:torch":164,"croptopia:lime_sapling":1},"minecraft:broken":{"magistuarmory:rustedcrusader_boots":1,"minecraft:iron_shovel":1,"minecraft:golden_shovel":1,"minecraft:stone_axe":1,"minecraft:iron_pickaxe":1},"minecraft:killed":{"naturalist:rattlesnake":1,"minecraft:spider":2,"naturalist:snail":1,"minecraft:skeleton":4,"minecraft:bee":2,"minecraft:zombie_villager":1,"minecraft:creeper":1,"minecraft:pillager":1,"minecraft:zombie":2,"minecraft:horse":1,"minecraft:husk":2},"minecraft:custom":{"minecraft:interact_with_crafting_table":33,"minecraft:open_barrel":51,"minecraft:leave_game":4,"minecraft:time_since_death":68281,"minecraft:sprint_one_cm":1117658,"minecraft:drop":79,"minecraft:talked_to_villager":1,"minecraft:play_time":190739,"minecraft:deaths":2,"minecraft:jump":3710,"minecraft:walk_on_water_one_cm":11409,"minecraft:interact_with_furnace":20,"minecraft:interact_with_loom":2,"minecraft:sleep_in_bed":4,"minecraft:damage_dealt":3814,"minecraft:crouch_one_cm":13177,"minecraft:interact_with_smoker":1,"minecraft:mob_kills":18,"minecraft:inspect_hopper":1,"minecraft:climb_one_cm":30242,"minecraft:walk_one_cm":406982,"minecraft:sneak_time":4491,"minecraft:walk_under_water_one_cm":7341,"minecraft:interact_with_lectern":3,"minecraft:interact_with_blast_furnace":7,"minecraft:total_world_time":190739,"minecraft:time_since_rest":43206,"minecraft:damage_taken":2393,"minecraft:trigger_trapped_chest":1,"minecraft:swim_one_cm":25064,"minecraft:fly_one_cm":933731,"minecraft:open_chest":171,"minecraft:fall_one_cm":140593},"minecraft:dropped":{"minecraft:golden_pickaxe":1,"minecraft:glass_bottle":1,"minecraft:chest_minecart":3,"minecraft:flint":8,"minecraft:dirt":13,"minecraft:dark_oak_log":2,"minecraft:dark_oak_fence":1,"minecraft:sand":12,"minecraft:sugar":13,"minecraft:iron_pickaxe":1,"minecraft:dark_oak_planks":12,"minecraft:birch_log":6,"minecraft:cauldron":1,"minecraft:bone":2,"magistuarmory:rustedchainmail_leggings":1,"minecraft:goat_horn":2,"minecraft:sugar_cane":16,"minecraft:birch_sapling":1,"minecraft:wheat":16,"minecraft:rotten_flesh":17,"minecraft:golden_shovel":1,"minecraft:poppy":1,"minecraft:leather_chestplate":2,"minecraft:beetroot_seeds":4,"minecraft:melon_seeds":3,"minecraft:chest":29,"minecraft:arrow":2,"minecraft:wheat_seeds":317,"minecraft:cobbled_deepslate_stairs":1,"minecraft:tnt":1,"minecraft:feather":8,"minecraft:cobblestone":23,"minecraft:stick":23,"minecraft:diorite":3,"minecraft:torch":4,"minecraft:green_dye":1,"minecraft:map":2,"minecraft:potion":5,"minecraft:dead_bush":8,"minecraft:cactus":64,"minecraft:string":8,"minecraft:trapped_chest":4,"minecraft:stone_brick_slab":1,"minecraft:raw_copper":2,"minecraft:tuff":2,"minecraft:clay_ball":1,"minecraft:stripped_oak_log":3,"minecraft:allium":16,"minecraft:barrel":5,"minecraft:sandstone":5,"minecraft:stone_pickaxe":2,"minecraft:wooden_pickaxe":1},"minecraft:used":{"minecraft:iron_shovel":436,"minecraft:chest":12,"minecraft:jungle_planks":69,"minecraft:allium":8,"minecraft:beehive":2,"minecraft:jungle_sapling":3,"minecraft:scaffolding":5,"minecraft:furnace":10,"magistuarmory:rusted_bastardsword":107,"magistuarmory:rustedchainmail_leggings":1,"minecraft:stone_pickaxe":27,"minecraft:oak_planks":20,"minecraft:leather_chestplate":1,"minecraft:wooden_pickaxe":9,"minecraft:sandstone":8,"minecraft:sand":4,"minecraft:blast_furnace":3,"minecraft:crossbow":5,"minecraft:cobbled_deepslate_stairs":1,"minecraft:cyan_bed":2,"minecraft:bread":68,"minecraft:dark_oak_fence":2,"minecraft:grindstone":3,"minecraft:smithing_table":1,"minecraft:bone_meal":6,"minecraft:golden_pickaxe":1,"minecraft:experience_bottle":1,"minecraft:iron_bars":1,"minecraft:stone_sword":22,"minecraft:armor_stand":4,"minecraft:stone_shovel":5,"minecraft:stone_hoe":4,"minecraft:torch":201,"minecraft:dirt":6,"minecraft:anvil":3,"minecraft:hopper":3,"minecraft:golden_shovel":32,"minecraft:granite":8,"minecraft:iron_boots":1,"minecraft:barrel":10,"minecraft:bamboo":13,"minecraft:soul_soil":1,"minecraft:goat_horn":7,"minecraft:cobbled_deepslate":1,"minecraft:baked_potato":1,"minecraft:stonecutter":3,"minecraft:crafting_table":8,"minecraft:smoker":2,"minecraft:diamond_pickaxe":106,"minecraft:apple":1,"minecraft:oak_button":1,"minecraft:iron_pickaxe":314,"minecraft:stone_axe":259,"minecraft:cobblestone":22,"minecraft:potion":1},"minecraft:picked_up":{"minecraft:wheat":264,"artifacts:bunny_hoppers":1,"minecraft:anvil":3,"minecraft:flower_pot":3,"croptopia:cinnamon_log":4,"croptopia:kale":2,"minecraft:smithing_table":1,"minecraft:potion":4,"minecraft:enchanted_book":1,"minecraft:golden_shovel":2,"croptopia:calamari":1,"minecraft:brewing_stand":2,"minecraft:string":10,"minecraft:soul_soil":1,"minecraft:raw_copper":129,"minecraft:armor_stand":4,"minecraft:beetroot":21,"minecraft:activator_rail":7,"minecraft:tnt_minecart":1,"minecraft:cobbled_deepslate":1,"minecraft:eye_armor_trim_smithing_template":2,"minecraft:azalea":2,"minecraft:iron_pickaxe":2,"minecraft:melon_slice":24,"croptopia:cinnamon_sapling":6,"minecraft:furnace":8,"minecraft:spruce_pressure_plate":1,"minecraft:stick":29,"minecraft:beehive":2,"croptopia:barley_seed":1,"minecraft:torch":24,"croptopia:rutabaga":1,"minecraft:spruce_stairs":9,"minecraft:golden_axe":1,"minecraft:pointed_dripstone":10,"minecraft:diorite":3,"minecraft:goat_horn":2,"minecraft:cauldron":1,"minecraft:yellow_banner":34,"minecraft:cactus":76,"minecraft:rotten_flesh":15,"artifacts:villager_hat":1,"farmersdelight:onion":12,"minecraft:cod":6,"minecraft:iron_bars":1,"minecraft:cobblestone":159,"minecraft:birch_log":6,"minecraft:leather_chestplate":3,"minecraft:feather":8,"minecraft:jungle_log":26,"minecraft:brown_wool":9,"minecraft:smoker":2,"minecraft:potato":62,"croptopia:spinach":1,"minecraft:flint":16,"minecraft:map":2,"minecraft:dirt":25,"minecraft:name_tag":2,"croptopia:kiwi_seed":2,"minecraft:bone":4,"croptopia:corn":4,"croptopia:sweetpotato":4,"minecraft:stonecutter":4,"minecraft:wheat_seeds":383,"minecraft:raw_gold":29,"minecraft:bell":1,"minecraft:grindstone":3,"minecraft:bamboo":158,"minecraft:powered_rail":6,"croptopia:kale_seed":4,"croptopia:lime":2,"minecraft:oak_planks":18,"croptopia:dragonfruit":6,"croptopia:turmeric":1,"minecraft:sand":472,"minecraft:jungle_planks":1,"croptopia:lime_sapling":1,"minecraft:ink_sac":3,"minecraft:lily_of_the_valley":1,"minecraft:dead_bush":10,"minecraft:loom":2,"minecraft:cyan_bed":2,"minecraft:dark_oak_log":4,"minecraft:trapped_chest":4,"croptopia:spinach_seed":1,"minecraft:barrel":21,"artifacts:plastic_drinking_hat":1,"minecraft:sugar":13,"croptopia:leek_seed":10,"minecraft:crossbow":1,"minecraft:granite":8,"minecraft:spruce_sign":5,"minecraft:bread":132,"minecraft:emerald":54,"minecraft:oak_sapling":1,"minecraft:dark_oak_fence":3,"minecraft:diamond_pickaxe":1,"minecraft:charcoal":1,"minecraft:cocoa_beans":6,"minecraft:crafting_table":4,"minecraft:allium":23,"minecraft:clay_ball":1,"minecraft:chest_minecart":3,"minecraft:golden_pickaxe":2,"croptopia:sweetpotato_seed":6,"croptopia:saguaro_seed":1,"minecraft:compass":3,"minecraft:cartography_table":1,"minecraft:detector_rail":1,"minecraft:light_gray_wool":2,"minecraft:jungle_sapling":4,"minecraft:poppy":1,"minecraft:spruce_slab":8,"minecraft:lectern":1,"minecraft:chest":69,"minecraft:sugar_cane":24,"minecraft:birch_sapling":1,"minecraft:spruce_trapdoor":5,"minecraft:raw_iron":128,"minecraft:sandstone":16,"croptopia:corn_seed":8,"minecraft:spruce_fence":7,"farmersdelight:tomato_seeds":4,"minecraft:carrot":76,"minecraft:redstone":82,"croptopia:banana":10,"minecraft:dark_oak_planks":12,"minecraft:tnt":2,"minecraft:purple_candle":4,"minecraft:arrow":8,"minecraft:beetroot_seeds":68,"minecraft:hay_block":34,"minecraft:gold_ingot":6,"minecraft:white_wool":7,"minecraft:rail":5,"minecraft:stripped_oak_log":7,"minecraft:salmon":2,"minecraft:leather":5,"minecraft:oak_log":14,"minecraft:chainmail_chestplate":1,"croptopia:leek":5,"minecraft:cobbled_deepslate_stairs":1,"minecraft:paper":48,"minecraft:white_banner":10,"croptopia:barley":1,"minecraft:iron_ingot":11,"minecraft:stone_pickaxe":1,"croptopia:kiwi":1,"minecraft:green_dye":3,"minecraft:book":9,"minecraft:scaffolding":84,"minecraft:black_candle":25,"minecraft:pumpkin":7,"croptopia:starfruit":2,"minecraft:stone_brick_slab":1,"croptopia:turmeric_seed":2,"croptopia:rutabaga_seed":2,"minecraft:spruce_sapling":2,"minecraft:blast_furnace":3,"minecraft:spider_eye":1,"minecraft:pumpkin_seeds":17,"croptopia:saguaro":1,"magistuarmory:rusted_bastardsword":1,"minecraft:chainmail_leggings":1,"magistuarmory:rustedcrusader_boots":1,"croptopia:orange":13,"minecraft:gray_wool":3,"minecraft:oak_button":1,"minecraft:melon_seeds":18,"minecraft:coal":92},"minecraft:mined":{"minecraft:cobbled_deepslate_stairs":1,"minecraft:jungle_leaves":4,"minecraft:brewing_stand":2,"minecraft:granite":9,"minecraft:spruce_trapdoor":5,"croptopia:lime_crop":2,"minecraft:grass_block":17,"minecraft:jungle_log":26,"minecraft:purple_stained_glass_pane":10,"minecraft:soul_soil":1,"minecraft:spawner":2,"minecraft:iron_ore":73,"minecraft:barrel":12,"minecraft:pumpkin":7,"minecraft:anvil":3,"minecraft:pointed_dripstone":6,"minecraft:water_cauldron":1,"minecraft:iron_bars":1,"minecraft:black_candle":15,"minecraft:spruce_slab":2,"croptopia:starfruit_crop":2,"minecraft:medium_amethyst_bud":2,"minecraft:melon_stem":11,"minecraft:smoker":2,"minecraft:torch":2,"minecraft:blast_furnace":3,"croptopia:cinnamon_log":4,"minecraft:melon":6,"minecraft:chest":40,"minecraft:cobblestone":63,"minecraft:cyan_bed":2,"minecraft:grindstone":3,"minecraft:sugar_cane":3,"minecraft:oak_planks":18,"minecraft:wall_torch":6,"minecraft:powered_rail":6,"minecraft:birch_log":6,"minecraft:wheat":135,"minecraft:tnt":1,"minecraft:grass":16,"minecraft:oak_log":14,"croptopia:cinnamon_leaves":2,"minecraft:beetroots":26,"minecraft:loom":2,"minecraft:sand":460,"minecraft:dirt":13,"minecraft:stonecutter":3,"minecraft:oak_leaves":23,"minecraft:deepslate":1,"minecraft:attached_pumpkin_stem":7,"minecraft:yellow_wall_banner":18,"croptopia:orange_crop":13,"croptopia:kale_crop":1,"minecraft:purple_candle":4,"minecraft:dark_oak_fence":6,"minecraft:allium":2,"minecraft:spruce_fence":2,"minecraft:jungle_planks":1,"minecraft:cartography_table":1,"minecraft:sandstone":17,"croptopia:barley_crop":1,"minecraft:hay_block":28,"farmersdelight:wild_onions":12,"minecraft:redstone_ore":19,"minecraft:furnace":7,"minecraft:carrots":34,"croptopia:corn_crop":3,"minecraft:bell":1,"minecraft:potatoes":24,"minecraft:vine":9,"minecraft:potted_spruce_sapling":2,"minecraft:stripped_oak_log":1,"minecraft:bamboo":15,"minecraft:stone":80,"minecraft:white_wool":4,"minecraft:smithing_table":1,"minecraft:scaffolding":42,"minecraft:potted_lily_of_the_valley":1,"minecraft:stone_brick_slab":1,"croptopia:sweetpotato_crop":2,"minecraft:crafting_table":3,"minecraft:emerald_ore":38,"minecraft:lectern":1,"minecraft:copper_ore":39,"farmersdelight:wild_tomatoes":4,"croptopia:banana_crop":5,"minecraft:diorite":3,"croptopia:spinach_crop":1,"minecraft:spruce_stairs":8,"croptopia:leek_crop":3,"minecraft:trapped_chest":1,"minecraft:beehive":2,"minecraft:birch_leaves":5,"minecraft:mangrove_leaves":1,"minecraft:white_wall_banner":8,"croptopia:dragonfruit_crop":3,"croptopia:turmeric_crop":1,"minecraft:coal_ore":5,"minecraft:cocoa":2,"croptopia:saguaro_crop":1,"croptopia:kiwi_crop":1,"minecraft:dripstone_block":1,"croptopia:rutabaga_crop":1,"minecraft:oak_button":1,"minecraft:stone_bricks":5,"minecraft:mossy_stone_bricks":3,"minecraft:gold_ore":19}},"DataVersion":3465}