{"stats":{"minecraft:dropped":{"minecraft:wheat_seeds":317,"minecraft:cobbled_deepslate_stairs":1,"minecraft:cobblestone":1,"minecraft:stick":9,"minecraft:dirt":13,"minecraft:birch_log":6,"minecraft:stone_brick_slab":1,"minecraft:tuff":2,"minecraft:birch_sapling":1,"minecraft:rotten_flesh":6,"minecraft:allium":16,"minecraft:wooden_pickaxe":1,"minecraft:stone_pickaxe":2},"minecraft:killed":{"minecraft:spider":1,"naturalist:snail":1,"minecraft:bee":2,"minecraft:zombie_villager":1},"minecraft:broken":{"minecraft:iron_shovel":1,"minecraft:stone_axe":1},"minecraft:mined":{"minecraft:attached_pumpkin_stem":7,"minecraft:yellow_wall_banner":18,"croptopia:orange_crop":13,"minecraft:cobbled_deepslate_stairs":1,"croptopia:kale_crop":1,"minecraft:jungle_leaves":4,"minecraft:purple_candle":4,"minecraft:spruce_trapdoor":5,"croptopia:lime_crop":2,"minecraft:allium":2,"minecraft:grass_block":12,"minecraft:spruce_fence":2,"minecraft:jungle_planks":1,"minecraft:jungle_log":20,"minecraft:purple_stained_glass_pane":10,"minecraft:soul_soil":1,"minecraft:sandstone":4,"minecraft:spawner":2,"croptopia:barley_crop":1,"minecraft:hay_block":28,"farmersdelight:wild_onions":12,"minecraft:furnace":1,"minecraft:carrots":34,"minecraft:iron_ore":2,"minecraft:barrel":5,"croptopia:corn_crop":3,"minecraft:pumpkin":7,"minecraft:potatoes":24,"minecraft:vine":6,"minecraft:iron_bars":1,"minecraft:potted_spruce_sapling":2,"minecraft:black_candle":13,"minecraft:bamboo":2,"minecraft:stone":43,"minecraft:spruce_slab":2,"croptopia:starfruit_crop":2,"minecraft:scaffolding":25,"minecraft:melon_stem":11,"minecraft:potted_lily_of_the_valley":1,"minecraft:medium_amethyst_bud":2,"minecraft:stone_brick_slab":1,"croptopia:sweetpotato_crop":2,"minecraft:crafting_table":3,"minecraft:torch":2,"croptopia:cinnamon_log":4,"minecraft:melon":6,"minecraft:chest":8,"minecraft:lectern":1,"minecraft:cyan_bed":1,"farmersdelight:wild_tomatoes":4,"croptopia:banana_crop":5,"minecraft:sugar_cane":3,"minecraft:wall_torch":1,"croptopia:spinach_crop":1,"minecraft:spruce_stairs":8,"croptopia:leek_crop":3,"minecraft:beehive":1,"minecraft:birch_log":6,"minecraft:wheat":135,"minecraft:birch_leaves":5,"croptopia:dragonfruit_crop":3,"minecraft:grass":16,"croptopia:cinnamon_leaves":2,"croptopia:turmeric_crop":1,"minecraft:oak_log":14,"minecraft:coal_ore":1,"minecraft:beetroots":26,"minecraft:cocoa":2,"croptopia:saguaro_crop":1,"croptopia:kiwi_crop":1,"minecraft:loom":2,"minecraft:sand":248,"minecraft:dirt":11,"croptopia:rutabaga_crop":1,"minecraft:oak_button":1,"minecraft:stonecutter":1,"minecraft:stone_bricks":4,"minecraft:mossy_stone_bricks":3,"minecraft:oak_leaves":23,"minecraft:deepslate":1},"minecraft:custom":{"minecraft:mob_kills":5,"minecraft:interact_with_crafting_table":10,"minecraft:open_barrel":15,"minecraft:leave_game":3,"minecraft:time_since_death":7745,"minecraft:climb_one_cm":12980,"minecraft:sprint_one_cm":621786,"minecraft:walk_one_cm":180671,"minecraft:drop":22,"minecraft:talked_to_villager":1,"minecraft:play_time":93473,"minecraft:deaths":1,"minecraft:sneak_time":1952,"minecraft:walk_under_water_one_cm":3831,"minecraft:interact_with_lectern":3,"minecraft:jump":2303,"minecraft:walk_on_water_one_cm":3663,"minecraft:total_world_time":93473,"minecraft:interact_with_furnace":1,"minecraft:interact_with_loom":1,"minecraft:sleep_in_bed":1,"minecraft:time_since_rest":7773,"minecraft:damage_taken":1078,"minecraft:damage_dealt":536,"minecraft:swim_one_cm":17785,"minecraft:fly_one_cm":567049,"minecraft:open_chest":82,"minecraft:crouch_one_cm":8104,"minecraft:fall_one_cm":81497},"minecraft:killed_by":{"naturalist:rattlesnake":1},"minecraft:used":{"minecraft:stone_sword":22,"minecraft:iron_bars":1,"minecraft:iron_shovel":250,"minecraft:stone_shovel":5,"minecraft:chest":7,"minecraft:torch":15,"minecraft:jungle_planks":69,"minecraft:allium":8,"minecraft:bamboo":13,"minecraft:soul_soil":1,"minecraft:scaffolding":5,"minecraft:furnace":3,"magistuarmory:rusted_bastardsword":11,"minecraft:cobbled_deepslate":1,"magistuarmory:rustedchainmail_leggings":1,"minecraft:baked_potato":1,"minecraft:oak_planks":20,"minecraft:stone_pickaxe":27,"minecraft:wooden_pickaxe":9,"minecraft:leather_chestplate":1,"minecraft:sand":4,"minecraft:crafting_table":5,"minecraft:cobbled_deepslate_stairs":1,"minecraft:apple":1,"minecraft:cyan_bed":1,"minecraft:iron_pickaxe":52,"minecraft:bread":33,"minecraft:oak_button":1,"minecraft:stone_axe":161},"minecraft:crafted":{"croptopia:apple_sapling":1,"minecraft:oak_planks":56,"minecraft:stone_shovel":1,"minecraft:furnace":2,"minecraft:stone_pickaxe":1,"minecraft:chest":1,"minecraft:stone_hoe":1,"minecraft:wheat":246,"croptopia:orange_sapling":3,"minecraft:crafting_table":3,"minecraft:wooden_pickaxe":1,"minecraft:stone_axe":2,"minecraft:bread":120,"minecraft:jungle_planks":80,"minecraft:stick":20,"minecraft:iron_pickaxe":1,"minecraft:iron_ingot":1,"minecraft:stone_sword":1,"minecraft:torch":12,"croptopia:lime_sapling":1},"minecraft:picked_up":{"minecraft:charcoal":1,"minecraft:cocoa_beans":6,"minecraft:crafting_table":4,"minecraft:allium":23,"minecraft:wheat":133,"minecraft:flower_pot":3,"croptopia:cinnamon_log":4,"croptopia:kale":2,"croptopia:sweetpotato_seed":6,"minecraft:enchanted_book":1,"croptopia:saguaro_seed":1,"minecraft:string":2,"minecraft:soul_soil":1,"minecraft:beetroot":21,"minecraft:cobbled_deepslate":1,"minecraft:azalea":2,"minecraft:jungle_sapling":2,"minecraft:spruce_slab":8,"minecraft:chest":8,"minecraft:lectern":1,"croptopia:cinnamon_sapling":6,"minecraft:melon_slice":24,"minecraft:sugar_cane":8,"minecraft:birch_sapling":1,"minecraft:spruce_trapdoor":5,"minecraft:furnace":2,"minecraft:sandstone":3,"minecraft:spruce_pressure_plate":1,"minecraft:beehive":1,"minecraft:stick":8,"minecraft:raw_iron":2,"croptopia:corn_seed":8,"croptopia:barley_seed":1,"minecraft:torch":4,"croptopia:rutabaga":1,"minecraft:spruce_stairs":9,"minecraft:spruce_fence":7,"farmersdelight:tomato_seeds":4,"minecraft:carrot":76,"croptopia:banana":10,"minecraft:yellow_banner":34,"minecraft:purple_candle":4,"minecraft:arrow":1,"minecraft:cactus":12,"minecraft:rotten_flesh":4,"minecraft:beetroot_seeds":64,"farmersdelight:onion":12,"minecraft:hay_block":34,"minecraft:iron_bars":1,"minecraft:cod":6,"minecraft:cobblestone":43,"minecraft:birch_log":6,"minecraft:salmon":2,"minecraft:jungle_log":20,"minecraft:potato":62,"croptopia:spinach":1,"minecraft:oak_log":14,"croptopia:leek":5,"minecraft:cobbled_deepslate_stairs":1,"minecraft:paper":23,"minecraft:dirt":19,"croptopia:kiwi_seed":2,"minecraft:bone":2,"croptopia:corn":4,"croptopia:barley":1,"croptopia:sweetpotato":4,"minecraft:stonecutter":2,"minecraft:wheat_seeds":383,"minecraft:stone_pickaxe":1,"minecraft:bamboo":13,"croptopia:kale_seed":4,"croptopia:lime":2,"croptopia:kiwi":1,"minecraft:green_dye":2,"minecraft:book":1,"minecraft:scaffolding":44,"minecraft:black_candle":19,"croptopia:dragonfruit":6,"minecraft:pumpkin":7,"croptopia:starfruit":2,"minecraft:stone_brick_slab":1,"croptopia:turmeric":1,"minecraft:jungle_planks":1,"minecraft:sand":248,"croptopia:lime_sapling":1,"croptopia:turmeric_seed":2,"croptopia:rutabaga_seed":2,"minecraft:spruce_sapling":2,"minecraft:cyan_bed":1,"minecraft:loom":2,"minecraft:dead_bush":2,"minecraft:lily_of_the_valley":1,"minecraft:spider_eye":1,"minecraft:barrel":9,"croptopia:spinach_seed":1,"minecraft:pumpkin_seeds":15,"croptopia:saguaro":1,"magistuarmory:rusted_bastardsword":1,"croptopia:orange":13,"croptopia:leek_seed":10,"minecraft:bread":54,"minecraft:spruce_sign":5,"minecraft:oak_button":1,"minecraft:oak_sapling":1,"minecraft:melon_seeds":15,"minecraft:coal":17}},"DataVersion":3465}