{"stats":{"minecraft:mined":{"croptopia:bellpepper_crop":1,"minecraft:deepslate_redstone_ore":1,"minecraft:diamond_ore":1,"minecraft:acacia_leaves":1,"croptopia:orange_crop":10,"minecraft:deepslate_diamond_ore":5,"minecraft:granite":15,"minecraft:crafting_table":3,"minecraft:torch":5,"croptopia:oat_crop":2,"minecraft:acacia_log":7,"minecraft:grass_block":60,"minecraft:chest":1,"minecraft:tall_grass":20,"minecraft:deepslate_coal_ore":16,"minecraft:lapis_ore":2,"minecraft:deepslate_gold_ore":13,"minecraft:diorite":57,"minecraft:wall_torch":7,"minecraft:redstone_ore":7,"croptopia:ginger_crop":1,"minecraft:iron_ore":86,"minecraft:deepslate_lapis_ore":14,"croptopia:peach_crop":5,"minecraft:grass":96,"croptopia:squash_crop":1,"minecraft:oak_log":44,"minecraft:coal_ore":135,"minecraft:deepslate_iron_ore":30,"minecraft:gravel":6,"minecraft:dirt":63,"minecraft:cobweb":5,"minecraft:stone":757,"minecraft:gold_ore":5,"minecraft:oak_leaves":27,"minecraft:deepslate":208},"minecraft:picked_up":{"minecraft:crafting_table":3,"croptopia:peach":5,"minecraft:chest_minecart":1,"minecraft:salmon":8,"minecraft:golden_pickaxe":1,"minecraft:enchanted_book":1,"minecraft:oak_log":44,"minecraft:dirt":155,"minecraft:lapis_lazuli":109,"minecraft:cornflower":1,"minecraft:string":7,"minecraft:raw_copper":5,"minecraft:iron_leggings":1,"naturalist:bass":8,"croptopia:bellpepper_seed":1,"minecraft:apple":1,"minecraft:wheat_seeds":13,"minecraft:cobbled_deepslate":208,"croptopia:squash":1,"minecraft:raw_gold":23,"croptopia:bellpepper":1,"minecraft:poppy":1,"croptopia:roe":8,"minecraft:chest":1,"minecraft:raw_iron":124,"minecraft:acacia_log":7,"minecraft:torch":12,"croptopia:ginger":1,"minecraft:dandelion":3,"minecraft:gravel":14,"croptopia:ginger_seed":2,"croptopia:oat":2,"minecraft:diorite":57,"minecraft:redstone":36,"croptopia:oat_seed":2,"minecraft:rotten_flesh":2,"croptopia:squash_seed":2,"minecraft:diamond":10,"croptopia:orange":17,"minecraft:granite":14,"minecraft:oak_sapling":11,"minecraft:coal":151,"minecraft:cobblestone":757},"minecraft:killed":{"minecraft:salmon":8,"minecraft:zombie":4,"naturalist:bass":8},"minecraft:dropped":{"croptopia:ginger":1},"minecraft:custom":{"minecraft:interact_with_furnace":35,"minecraft:mob_kills":20,"minecraft:interact_with_crafting_table":39,"minecraft:leave_game":10,"minecraft:time_since_death":89869,"minecraft:climb_one_cm":4077,"minecraft:time_since_rest":90081,"minecraft:sprint_one_cm":76530,"minecraft:damage_taken":1143,"minecraft:walk_one_cm":394581,"minecraft:drop":1,"minecraft:damage_dealt":1847,"minecraft:swim_one_cm":9153,"minecraft:fly_one_cm":132100,"minecraft:open_chest":40,"minecraft:crouch_one_cm":2131,"minecraft:play_time":133470,"minecraft:deaths":3,"minecraft:sneak_time":852,"minecraft:walk_under_water_one_cm":9508,"minecraft:jump":1487,"minecraft:walk_on_water_one_cm":9275,"minecraft:total_world_time":133470,"minecraft:fall_one_cm":22108},"minecraft:killed_by":{"artifacts:mimic":3},"minecraft:used":{"minecraft:wheat_seeds":12,"minecraft:water_bucket":3,"minecraft:stone_pickaxe":710,"minecraft:wooden_pickaxe":178,"minecraft:iron_sword":30,"minecraft:cooked_salmon":2,"minecraft:wooden_shovel":6,"minecraft:stone_hoe":5,"minecraft:rotten_flesh":2,"minecraft:oak_door":1,"minecraft:torch":25,"minecraft:dirt":80,"minecraft:crafting_table":5,"croptopia:orange":17,"minecraft:wooden_axe":10,"minecraft:wooden_hoe":7,"minecraft:apple":1,"minecraft:iron_pickaxe":514,"croptopia:peach":5,"minecraft:wooden_sword":23,"minecraft:cobblestone":1,"minecraft:oak_sapling":6,"minecraft:furnace":3,"croptopia:bellpepper":1,"minecraft:bucket":5,"croptopia:squash":1},"minecraft:crafted":{"minecraft:wooden_sword":1,"minecraft:oak_door":3,"minecraft:oak_planks":96,"minecraft:wooden_shovel":1,"minecraft:crafting_table":2,"minecraft:wooden_pickaxe":3,"minecraft:iron_helmet":1,"minecraft:iron_sword":1,"minecraft:furnace":3,"minecraft:cooked_salmon":8,"minecraft:bucket":3,"naturalist:cooked_bass":8,"minecraft:air":0,"minecraft:iron_boots":1,"minecraft:iron_chestplate":1,"minecraft:wooden_hoe":1,"minecraft:charcoal":5,"minecraft:stick":52,"minecraft:iron_ingot":59,"minecraft:iron_pickaxe":4,"minecraft:stone_pickaxe":6,"minecraft:wooden_axe":1,"minecraft:chest":2,"minecraft:iron_leggings":1,"minecraft:acacia_planks":28,"minecraft:torch":64,"minecraft:stone_hoe":1},"minecraft:broken":{"minecraft:stone_pickaxe":5,"minecraft:iron_pickaxe":2,"minecraft:wooden_pickaxe":3}},"DataVersion":3465}