{"stats":{"minecraft:dropped":{"croptopia:ginger":1},"minecraft:broken":{"minecraft:wooden_pickaxe":1},"minecraft:killed":{"minecraft:zombie":1},"minecraft:mined":{"croptopia:bellpepper_crop":1,"croptopia:orange_crop":10,"minecraft:crafting_table":1,"croptopia:oat_crop":2,"minecraft:grass_block":46,"minecraft:chest":1,"minecraft:tall_grass":20,"croptopia:ginger_crop":1,"croptopia:peach_crop":5,"minecraft:grass":40,"croptopia:squash_crop":1,"minecraft:oak_log":27,"minecraft:coal_ore":21,"minecraft:dirt":23,"minecraft:cobweb":5,"minecraft:stone":86,"minecraft:oak_leaves":27},"minecraft:custom":{"minecraft:interact_with_furnace":2,"minecraft:mob_kills":1,"minecraft:interact_with_crafting_table":11,"minecraft:leave_game":3,"minecraft:time_since_death":0,"minecraft:climb_one_cm":4077,"minecraft:time_since_rest":148,"minecraft:sprint_one_cm":55847,"minecraft:damage_taken":957,"minecraft:walk_one_cm":169469,"minecraft:drop":1,"minecraft:damage_dealt":771,"minecraft:fly_one_cm":95381,"minecraft:crouch_one_cm":2131,"minecraft:play_time":43537,"minecraft:deaths":3,"minecraft:sneak_time":815,"minecraft:jump":791,"minecraft:walk_on_water_one_cm":1553,"minecraft:total_world_time":43537,"minecraft:fall_one_cm":18091},"minecraft:killed_by":{"artifacts:mimic":3},"minecraft:crafted":{"minecraft:wooden_sword":1,"minecraft:oak_planks":28,"minecraft:crafting_table":1,"minecraft:wooden_pickaxe":1,"minecraft:furnace":1,"minecraft:air":0,"minecraft:wooden_hoe":1,"minecraft:charcoal":5,"minecraft:stick":12,"minecraft:stone_pickaxe":1,"minecraft:torch":20},"minecraft:used":{"minecraft:wheat_seeds":7,"minecraft:stone_pickaxe":51,"minecraft:wooden_pickaxe":60,"minecraft:torch":5,"minecraft:dirt":46,"minecraft:crafting_table":2,"croptopia:orange":17,"minecraft:wooden_hoe":7,"minecraft:apple":1,"minecraft:wooden_sword":23,"croptopia:peach":5,"minecraft:oak_sapling":6,"minecraft:furnace":1,"croptopia:bellpepper":1,"croptopia:squash":1},"minecraft:picked_up":{"minecraft:crafting_table":1,"croptopia:peach":5,"minecraft:chest_minecart":1,"minecraft:golden_pickaxe":1,"minecraft:enchanted_book":1,"minecraft:oak_log":27,"minecraft:cornflower":1,"minecraft:string":7,"minecraft:dirt":86,"minecraft:raw_copper":5,"minecraft:iron_leggings":1,"croptopia:bellpepper_seed":1,"minecraft:apple":1,"minecraft:wheat_seeds":8,"croptopia:squash":1,"minecraft:raw_gold":5,"croptopia:bellpepper":1,"minecraft:poppy":1,"minecraft:chest":1,"minecraft:raw_iron":8,"minecraft:dandelion":3,"croptopia:ginger":1,"croptopia:ginger_seed":2,"croptopia:oat":2,"croptopia:oat_seed":2,"croptopia:squash_seed":2,"minecraft:diamond":4,"croptopia:orange":17,"minecraft:oak_sapling":8,"minecraft:coal":21,"minecraft:cobblestone":86}},"DataVersion":3465}