{"stats":{"minecraft:dropped":{"croptopia:ginger":1},"minecraft:broken":{"minecraft:wooden_pickaxe":1},"minecraft:killed":{"minecraft:zombie":1},"minecraft:mined":{"croptopia:bellpepper_crop":1,"minecraft:acacia_leaves":1,"croptopia:orange_crop":10,"minecraft:crafting_table":3,"croptopia:oat_crop":2,"minecraft:acacia_log":7,"minecraft:grass_block":48,"minecraft:chest":1,"minecraft:tall_grass":20,"croptopia:ginger_crop":1,"croptopia:peach_crop":5,"minecraft:grass":42,"croptopia:squash_crop":1,"minecraft:oak_log":44,"minecraft:coal_ore":32,"minecraft:dirt":27,"minecraft:cobweb":5,"minecraft:stone":98,"minecraft:oak_leaves":27},"minecraft:custom":{"minecraft:interact_with_furnace":2,"minecraft:mob_kills":1,"minecraft:interact_with_crafting_table":13,"minecraft:leave_game":6,"minecraft:time_since_death":10180,"minecraft:climb_one_cm":4077,"minecraft:time_since_rest":10392,"minecraft:sprint_one_cm":61769,"minecraft:damage_taken":957,"minecraft:walk_one_cm":190894,"minecraft:drop":1,"minecraft:damage_dealt":771,"minecraft:fly_one_cm":111348,"minecraft:crouch_one_cm":2131,"minecraft:play_time":53781,"minecraft:deaths":3,"minecraft:sneak_time":815,"minecraft:jump":884,"minecraft:walk_on_water_one_cm":1553,"minecraft:total_world_time":53781,"minecraft:fall_one_cm":19614},"minecraft:killed_by":{"artifacts:mimic":3},"minecraft:crafted":{"minecraft:wooden_sword":1,"minecraft:oak_planks":96,"minecraft:wooden_shovel":1,"minecraft:crafting_table":2,"minecraft:wooden_pickaxe":2,"minecraft:furnace":1,"minecraft:air":0,"minecraft:wooden_hoe":1,"minecraft:charcoal":5,"minecraft:stick":24,"minecraft:stone_pickaxe":1,"minecraft:wooden_axe":1,"minecraft:torch":20},"minecraft:used":{"minecraft:wheat_seeds":7,"minecraft:stone_pickaxe":51,"minecraft:wooden_pickaxe":83,"minecraft:wooden_shovel":6,"minecraft:torch":5,"minecraft:dirt":49,"minecraft:crafting_table":4,"croptopia:orange":17,"minecraft:wooden_axe":10,"minecraft:wooden_hoe":7,"minecraft:apple":1,"minecraft:wooden_sword":23,"croptopia:peach":5,"minecraft:furnace":1,"minecraft:oak_sapling":6,"croptopia:bellpepper":1,"croptopia:squash":1},"minecraft:picked_up":{"minecraft:crafting_table":3,"croptopia:peach":5,"minecraft:chest_minecart":1,"minecraft:golden_pickaxe":1,"minecraft:enchanted_book":1,"minecraft:oak_log":44,"minecraft:cornflower":1,"minecraft:string":7,"minecraft:dirt":92,"minecraft:raw_copper":5,"minecraft:iron_leggings":1,"croptopia:bellpepper_seed":1,"minecraft:apple":1,"minecraft:wheat_seeds":9,"croptopia:squash":1,"minecraft:raw_gold":5,"croptopia:bellpepper":1,"minecraft:poppy":1,"minecraft:chest":1,"minecraft:raw_iron":8,"minecraft:dandelion":3,"croptopia:ginger":1,"minecraft:acacia_log":7,"croptopia:ginger_seed":2,"croptopia:oat":2,"croptopia:oat_seed":2,"croptopia:squash_seed":2,"minecraft:diamond":4,"croptopia:orange":17,"minecraft:oak_sapling":11,"minecraft:coal":32,"minecraft:cobblestone":98}},"DataVersion":3465}