{"stats":{"minecraft:mined":{"croptopia:bellpepper_crop":1,"minecraft:acacia_leaves":1,"croptopia:orange_crop":10,"minecraft:crafting_table":3,"minecraft:torch":4,"croptopia:oat_crop":2,"minecraft:acacia_log":7,"minecraft:grass_block":48,"minecraft:chest":1,"minecraft:tall_grass":20,"croptopia:ginger_crop":1,"minecraft:iron_ore":41,"croptopia:peach_crop":5,"minecraft:grass":42,"croptopia:squash_crop":1,"minecraft:oak_log":44,"minecraft:coal_ore":135,"minecraft:gravel":5,"minecraft:dirt":30,"minecraft:cobweb":5,"minecraft:stone":444,"minecraft:oak_leaves":27},"minecraft:picked_up":{"minecraft:crafting_table":3,"croptopia:peach":5,"minecraft:chest_minecart":1,"minecraft:golden_pickaxe":1,"minecraft:enchanted_book":1,"minecraft:oak_log":44,"minecraft:cornflower":1,"minecraft:dirt":95,"minecraft:string":7,"minecraft:raw_copper":5,"minecraft:iron_leggings":1,"croptopia:bellpepper_seed":1,"minecraft:apple":1,"minecraft:wheat_seeds":9,"croptopia:squash":1,"minecraft:raw_gold":5,"croptopia:bellpepper":1,"minecraft:poppy":1,"minecraft:chest":1,"minecraft:raw_iron":49,"minecraft:torch":4,"croptopia:ginger":1,"minecraft:acacia_log":7,"minecraft:dandelion":3,"minecraft:gravel":12,"croptopia:ginger_seed":2,"croptopia:oat":2,"croptopia:oat_seed":2,"croptopia:squash_seed":2,"minecraft:diamond":4,"croptopia:orange":17,"minecraft:oak_sapling":11,"minecraft:coal":135,"minecraft:cobblestone":444},"minecraft:killed":{"minecraft:zombie":1},"minecraft:dropped":{"croptopia:ginger":1},"minecraft:custom":{"minecraft:interact_with_furnace":12,"minecraft:mob_kills":1,"minecraft:interact_with_crafting_table":24,"minecraft:leave_game":9,"minecraft:time_since_death":39701,"minecraft:climb_one_cm":4077,"minecraft:time_since_rest":39913,"minecraft:sprint_one_cm":62479,"minecraft:damage_taken":957,"minecraft:walk_one_cm":237500,"minecraft:drop":1,"minecraft:damage_dealt":771,"minecraft:fly_one_cm":111990,"minecraft:open_chest":10,"minecraft:crouch_one_cm":2131,"minecraft:play_time":83302,"minecraft:deaths":3,"minecraft:sneak_time":815,"minecraft:jump":932,"minecraft:walk_on_water_one_cm":1553,"minecraft:total_world_time":83302,"minecraft:fall_one_cm":19614},"minecraft:killed_by":{"artifacts:mimic":3},"minecraft:used":{"minecraft:wheat_seeds":7,"minecraft:stone_pickaxe":448,"minecraft:wooden_pickaxe":178,"minecraft:wooden_shovel":6,"minecraft:torch":10,"minecraft:dirt":49,"minecraft:crafting_table":5,"croptopia:orange":17,"minecraft:wooden_axe":10,"minecraft:wooden_hoe":7,"minecraft:apple":1,"minecraft:iron_pickaxe":10,"minecraft:wooden_sword":23,"croptopia:peach":5,"minecraft:furnace":3,"minecraft:oak_sapling":6,"croptopia:bellpepper":1,"croptopia:squash":1},"minecraft:crafted":{"minecraft:wooden_sword":1,"minecraft:oak_planks":96,"minecraft:wooden_shovel":1,"minecraft:crafting_table":2,"minecraft:wooden_pickaxe":3,"minecraft:furnace":3,"minecraft:air":0,"minecraft:wooden_hoe":1,"minecraft:charcoal":5,"minecraft:stick":36,"minecraft:iron_ingot":12,"minecraft:iron_pickaxe":2,"minecraft:stone_pickaxe":4,"minecraft:wooden_axe":1,"minecraft:chest":2,"minecraft:acacia_planks":28,"minecraft:torch":28},"minecraft:broken":{"minecraft:stone_pickaxe":3,"minecraft:wooden_pickaxe":3}},"DataVersion":3465}