{"stats":{"minecraft:used":{"minecraft:iron_chestplate":1,"minecraft:firework_rocket":22,"advancednetherite:netherite_diamond_axe":94,"the_bumblezone:bumble_bee_chestplate_trans_1":2,"minecraft:iron_helmet":1,"croptopia:almond":1,"minecraft:iron_sword":1,"minecraft:chainmail_leggings":1,"minecraft:leather_boots":1,"minecraft:item_frame":1},"minecraft:mined":{"minecraft:grass":2,"twigs:twig":2,"croptopia:almond_crop":1,"minecraft:tall_grass":1,"minecraft:fire":3,"minecraft:dark_oak_log":13,"treechop:chopped_log":4},"minecraft:custom":{"minecraft:damage_taken":795,"minecraft:time_since_rest":8054,"minecraft:play_time":14017,"minecraft:crouch_one_cm":309,"lootr:looted_stat":4,"minecraft:sprint_one_cm":30444,"minecraft:walk_one_cm":15160,"minecraft:deaths":1,"minecraft:sneak_time":276,"minecraft:walk_under_water_one_cm":139,"minecraft:aviate_one_cm":472186,"minecraft:jump":176,"minecraft:damage_dealt":55,"minecraft:leave_game":3,"minecraft:time_since_death":8026,"minecraft:walk_on_water_one_cm":1492,"minecraft:total_world_time":14017,"minecraft:hex":0,"minecraft:fall_one_cm":9635,"minecraft:fly_one_cm":50950},"minecraft:picked_up":{"minecraft:dark_oak_sapling":7,"minecraft:item_frame":1,"promenade:cooked_duck":1,"minecraft:feather":1,"croptopia:almond":1,"twigs:twig":5,"minecraft:oak_sapling":1,"minecraft:dark_oak_log":141,"minecraft:iron_sword":1,"minecraft:lantern":1}},"DataVersion":3465}