{"stats":{"minecraft:killed":{"naturalist:zebra":1,"minecraft:witch":1,"naturalist:tortoise":1,"naturalist:duck":2,"naturalist:boar":2,"minecraft:skeleton":1,"minecraft:horse":3,"naturalist:bass":9,"minecraft:husk":2,"minecraft:salmon":13,"minecraft:creeper":1,"minecraft:sheep":1,"minecraft:zombie":3,"minecraft:villager":2},"minecraft:dropped":{"minecraft:crafting_table":1,"minecraft:sandstone_slab":4,"minecraft:jungle_planks":1,"minecraft:dirt":1,"minecraft:pumpkin":1,"minecraft:paper":6,"minecraft:acacia_planks":1,"minecraft:oak_planks":29,"croptopia:saguaro_seed":2,"minecraft:gunpowder":1,"minecraft:charcoal":1,"minecraft:acacia_slab":4,"minecraft:oak_sapling":13,"minecraft:ladder":7,"croptopia:roe":11},"minecraft:picked_up":{"minecraft:mud":89,"minecraft:charcoal":2,"minecraft:crafting_table":10,"minecraft:sandstone_slab":6,"minecraft:ladder":20,"minecraft:flower_pot":2,"minecraft:oak_stairs":1,"minecraft:brewing_stand":3,"croptopia:kumquat":2,"minecraft:cornflower":1,"croptopia:saguaro_seed":4,"minecraft:raw_copper":23,"minecraft:iron_axe":1,"minecraft:birch_fence":1,"croptopia:pear":3,"minecraft:poppy":1,"minecraft:iron_pickaxe":1,"minecraft:lectern":226,"minecraft:sugar_cane":161,"minecraft:melon_slice":5,"minecraft:chest":1,"minecraft:birch_sapling":7,"minecraft:furnace":2,"minecraft:stick":102,"minecraft:raw_iron":7,"minecraft:sandstone":26,"naturalist:duck":2,"minecraft:jungle_door":1,"minecraft:acacia_log":4,"minecraft:porkchop":6,"minecraft:sandstone_wall":3,"croptopia:olive_seed":2,"farmersdelight:tomato_seeds":22,"minecraft:arrow":2,"minecraft:rotten_flesh":2,"croptopia:persimmon":7,"minecraft:sandstone_stairs":2,"minecraft:iron_block":1,"minecraft:mutton":2,"minecraft:white_wool":1,"minecraft:cobblestone":80,"minecraft:oxeye_daisy":3,"minecraft:stripped_oak_log":9,"minecraft:birch_log":120,"minecraft:salmon":11,"minecraft:birch_slab":1,"minecraft:jungle_log":49,"minecraft:black_bed":1,"minecraft:leather":5,"minecraft:jungle_wood":5,"minecraft:birch_planks":13,"minecraft:oak_log":494,"minecraft:gunpowder":2,"farmersdelight:tomato":2,"minecraft:dirt":4,"minecraft:paper":6,"naturalist:bass":8,"croptopia:olive":1,"minecraft:bone":1,"minecraft:acacia_planks":2,"minecraft:apple":11,"minecraft:wheat_seeds":15,"minecraft:fletching_table":2,"croptopia:roe":14,"minecraft:iron_sword":1,"minecraft:oak_planks":51,"croptopia:lime":2,"minecraft:book":6,"minecraft:pumpkin":1,"croptopia:turmeric":1,"minecraft:dandelion":1,"croptopia:hops":1,"minecraft:birch_fence_gate":2,"minecraft:sand":17,"minecraft:jungle_planks":11,"croptopia:turmeric_seed":2,"naturalist:duck_egg":3,"croptopia:hops_seed":1,"minecraft:purple_bed":1,"croptopia:orange":7,"minecraft:oak_button":1,"minecraft:damaged_anvil":1,"minecraft:oak_sapling":52,"minecraft:acacia_slab":6,"minecraft:coal":35},"minecraft:custom":{"minecraft:interact_with_smithing_table":1,"minecraft:interact_with_anvil":5,"minecraft:mob_kills":42,"minecraft:interact_with_crafting_table":64,"minecraft:leave_game":11,"minecraft:time_since_death":52561,"minecraft:climb_one_cm":43035,"minecraft:sprint_one_cm":725639,"minecraft:walk_one_cm":588333,"minecraft:damage_blocked_by_shield":934,"minecraft:drop":22,"minecraft:talked_to_villager":473,"minecraft:play_time":252255,"minecraft:deaths":4,"minecraft:sneak_time":9609,"minecraft:walk_under_water_one_cm":19878,"minecraft:jump":3459,"minecraft:interact_with_brewingstand":3,"minecraft:walk_on_water_one_cm":37164,"minecraft:total_world_time":252255,"minecraft:interact_with_furnace":25,"minecraft:traded_with_villager":158,"minecraft:sleep_in_bed":12,"minecraft:time_since_rest":9112,"minecraft:damage_taken":2149,"minecraft:damage_dealt":3367,"minecraft:swim_one_cm":81231,"minecraft:fly_one_cm":737746,"minecraft:open_chest":105,"minecraft:crouch_one_cm":20642,"minecraft:fall_one_cm":95009},"minecraft:used":{"minecraft:stone_sword":40,"minecraft:ladder":13,"minecraft:oak_sign":1,"minecraft:chest":4,"minecraft:shield":14,"minecraft:iron_sword":21,"minecraft:cooked_salmon":8,"minecraft:wooden_shovel":59,"minecraft:rotten_flesh":1,"minecraft:brewing_stand":3,"minecraft:jungle_planks":43,"naturalist:cooked_bass":3,"minecraft:dark_oak_planks":27,"minecraft:wooden_axe":11,"farmersdelight:tomato":2,"minecraft:bookshelf":2,"minecraft:iron_axe":1149,"minecraft:oak_stairs":3,"croptopia:persimmon":6,"minecraft:bow":20,"minecraft:furnace":3,"minecraft:acacia_planks":2,"minecraft:water_bucket":10,"minecraft:damaged_anvil":1,"minecraft:sandstone_stairs":2,"minecraft:birch_planks":13,"minecraft:stone_pickaxe":28,"minecraft:oak_planks":85,"minecraft:wooden_pickaxe":3,"minecraft:sandstone":10,"minecraft:sugar_cane":53,"minecraft:fletching_table":2,"minecraft:sand":17,"minecraft:crafting_table":13,"minecraft:black_bed":1,"croptopia:orange":7,"minecraft:oak_log":2,"minecraft:mud":79,"minecraft:bread":18,"minecraft:iron_pickaxe":158,"minecraft:lectern":229,"minecraft:stone_axe":73,"minecraft:cobblestone":62,"minecraft:purple_bed":1,"minecraft:cooked_porkchop":6,"minecraft:bucket":10,"minecraft:sandstone_slab":1},"minecraft:crafted":{"naturalist:cooked_duck":1,"minecraft:oak_planks":2000,"minecraft:oak_sign":3,"minecraft:furnace":1,"naturalist:cooked_bass":3,"minecraft:bookshelf":5,"minecraft:bow":15,"minecraft:iron_axe":1,"minecraft:stone_pickaxe":1,"minecraft:chest":3,"minecraft:dark_oak_planks":28,"minecraft:oak_slab":12,"minecraft:wooden_shovel":1,"minecraft:emerald":138,"minecraft:cooked_porkchop":6,"minecraft:crafting_table":5,"minecraft:acacia_slab":6,"minecraft:wooden_pickaxe":1,"minecraft:cooked_salmon":8,"minecraft:bucket":1,"minecraft:birch_planks":256,"minecraft:stone_axe":1,"minecraft:enchanted_book":3,"minecraft:air":0,"minecraft:jungle_planks":48,"minecraft:lectern":3,"minecraft:paper":99,"minecraft:book":5,"minecraft:shield":1,"minecraft:stick":4244,"minecraft:iron_ingot":16,"minecraft:iron_pickaxe":1,"minecraft:oak_stairs":4,"minecraft:wooden_axe":1,"minecraft:stone_sword":1,"minecraft:acacia_planks":16,"minecraft:torch":4},"minecraft:mined":{"croptopia:orange_crop":2,"minecraft:jungle_leaves":8,"minecraft:brewing_stand":3,"minecraft:birch_fence_gate":2,"minecraft:ladder":13,"minecraft:granite":4,"minecraft:acacia_log":4,"minecraft:grass_block":3,"minecraft:jungle_planks":11,"minecraft:jungle_log":49,"minecraft:birch_slab":1,"minecraft:oxeye_daisy":1,"minecraft:sandstone":26,"minecraft:sandstone_stairs":2,"minecraft:tall_seagrass":3,"minecraft:furnace":2,"minecraft:iron_ore":7,"minecraft:pumpkin":1,"minecraft:fletching_table":2,"minecraft:bookshelf":2,"minecraft:vine":41,"minecraft:oak_stairs":1,"minecraft:stripped_oak_log":9,"minecraft:potted_cornflower":1,"minecraft:stone":81,"minecraft:iron_block":1,"minecraft:sandstone_slab":3,"minecraft:acacia_leaves":1,"minecraft:jungle_door":1,"minecraft:dandelion":1,"minecraft:crafting_table":9,"minecraft:poppy":2,"minecraft:melon":1,"minecraft:chest":1,"minecraft:dead_bush":87,"minecraft:campfire":1,"minecraft:lectern":226,"minecraft:potted_oxeye_daisy":1,"minecraft:copper_ore":7,"minecraft:tall_grass":22,"minecraft:cobblestone":2,"farmersdelight:wild_tomatoes":22,"minecraft:damaged_anvil":1,"minecraft:oak_planks":24,"minecraft:sugar_cane":101,"croptopia:olive_crop":1,"minecraft:seagrass":1,"minecraft:purple_bed":1,"minecraft:birch_planks":13,"minecraft:jungle_wood":5,"minecraft:mud":89,"minecraft:birch_log":121,"minecraft:birch_leaves":28,"minecraft:black_bed":1,"minecraft:grass":151,"croptopia:hops_crop":1,"croptopia:turmeric_crop":1,"minecraft:oak_log":494,"minecraft:coal_ore":35,"croptopia:saguaro_crop":1,"minecraft:sand":17,"minecraft:dirt":2,"minecraft:sandstone_wall":4,"minecraft:acacia_planks":1,"minecraft:oak_button":2,"minecraft:oak_leaves":206,"minecraft:birch_fence":1,"minecraft:fern":2},"minecraft:broken":{"minecraft:wooden_shovel":1,"minecraft:iron_axe":1},"minecraft:killed_by":{"minecraft:husk":1,"naturalist:rattlesnake":1,"minecraft:skeleton":2}},"DataVersion":3465}