{"stats":{"minecraft:custom":{"minecraft:mob_kills":36,"minecraft:animals_bred":28,"minecraft:interact_with_crafting_table":155,"minecraft:open_barrel":49,"minecraft:leave_game":55,"minecraft:time_since_death":130221,"minecraft:climb_one_cm":48118,"minecraft:sprint_one_cm":657036,"minecraft:walk_one_cm":2110713,"minecraft:damage_blocked_by_shield":4057,"minecraft:drop":36,"minecraft:talked_to_villager":1,"minecraft:play_time":828807,"minecraft:sneak_time":1572,"minecraft:deaths":12,"minecraft:walk_under_water_one_cm":5521,"minecraft:jump":7917,"minecraft:walk_on_water_one_cm":32903,"minecraft:total_world_time":828807,"minecraft:interact_with_furnace":177,"minecraft:interact_with_loom":5,"minecraft:interact_with_stonecutter":9,"minecraft:interact_with_grindstone":29,"minecraft:sleep_in_bed":1,"minecraft:time_since_rest":24734,"minecraft:damage_taken":6886,"minecraft:damage_dealt":7496,"minecraft:fly_one_cm":237620,"minecraft:crouch_one_cm":1328,"minecraft:open_chest":211,"minecraft:fall_one_cm":90197},"minecraft:picked_up":{"minecraft:mud":10,"minecraft:charcoal":53,"minecraft:crafting_table":1,"croptopia:zucchini":2,"minecraft:wheat":310,"minecraft:ladder":6,"minecraft:stone_slab":6,"minecraft:gold_block":1,"farmersdelight:cutting_board":1,"minecraft:string":39,"minecraft:raw_copper":144,"minecraft:sea_pickle":6,"minecraft:cracked_stone_bricks":2,"minecraft:gold_nugget":5,"minecraft:cobbled_deepslate":11,"minecraft:bucket":1,"minecraft:iron_nugget":21,"minecraft:iron_pickaxe":1,"minecraft:chest":3,"minecraft:spruce_trapdoor":2,"minecraft:phantom_membrane":4,"minecraft:furnace":2,"minecraft:stick":2,"minecraft:raw_iron":90,"minecraft:stone":76,"minecraft:copper_ingot":50,"minecraft:torch":9,"minecraft:acacia_log":94,"minecraft:fire_charge":1,"minecraft:porkchop":39,"farmersdelight:tomato_seeds":3,"minecraft:pointed_dripstone":53,"minecraft:carrot":116,"minecraft:redstone":36,"croptopia:yam_seed":1,"minecraft:arrow":6,"minecraft:rotten_flesh":28,"artifacts:cowboy_hat":1,"minecraft:golden_hoe":1,"farmersdelight:tree_bark":52,"minecraft:shears":1,"minecraft:hay_block":10,"minecraft:gold_ingot":9,"croptopia:salt":10,"minecraft:white_wool":1,"minecraft:cobblestone":451,"minecraft:stripped_oak_log":42,"minecraft:oxidized_cut_copper_stairs":1,"minecraft:lilac":1,"croptopia:nectarine":4,"minecraft:leather":17,"minecraft:potato":16,"minecraft:flint":10,"minecraft:oak_log":116,"minecraft:gunpowder":6,"minecraft:dirt":278,"minecraft:lantern":7,"minecraft:glass":52,"minecraft:bone":6,"travelersbackpack:backpack_tank":2,"minecraft:acacia_planks":24,"minecraft:apple":13,"minecraft:stone_bricks":339,"minecraft:wheat_seeds":752,"minecraft:raw_gold":2,"minecraft:iron_ingot":76,"minecraft:cobweb":8,"minecraft:powered_rail":1,"minecraft:oak_planks":39,"minecraft:acacia_sapling":16,"minecraft:mossy_stone_brick_stairs":2,"minecraft:pumpkin":6,"minecraft:dripstone_block":34,"minecraft:gravel":103,"minecraft:lava_bucket":5,"minecraft:sand":137,"magistuarmory:rustednorman_helmet":2,"minecraft:spider_eye":3,"minecraft:barrel":6,"minecraft:stripped_acacia_log":20,"magistuarmory:rusted_bastardsword":1,"magistuarmory:corruptedroundshield":2,"minecraft:bone_meal":41,"minecraft:golden_apple":2,"minecraft:spruce_sign":2,"minecraft:bread":5,"minecraft:emerald":12,"minecraft:oak_sapling":22,"minecraft:acacia_slab":13,"croptopia:zucchini_seed":2,"minecraft:coal":40},"minecraft:used":{"minecraft:iron_shovel":245,"minecraft:acacia_log":8,"minecraft:flint_and_steel":23,"minecraft:stone_shovel":11,"minecraft:ladder":5,"minecraft:chest":4,"minecraft:shield":68,"minecraft:stone_hoe":182,"minecraft:rotten_flesh":2,"minecraft:iron_chestplate":1,"minecraft:torch":138,"minecraft:dirt":204,"minecraft:wheat":219,"minecraft:carrot":28,"travelersbackpack:iron":1,"minecraft:lava_bucket":18,"minecraft:lantern":3,"minecraft:iron_axe":472,"minecraft:acacia_slab":13,"minecraft:iron_helmet":2,"minecraft:iron_boots":1,"minecraft:barrel":3,"minecraft:stone_bricks":168,"farmersdelight:cutting_board":2,"minecraft:bow":4,"minecraft:oxidized_cut_copper_stairs":1,"minecraft:furnace":6,"magistuarmory:rusted_bastardsword":35,"minecraft:acacia_fence":17,"minecraft:cobbled_deepslate":7,"minecraft:acacia_planks":39,"minecraft:wheat_seeds":609,"minecraft:water_bucket":20,"minecraft:stone_pickaxe":386,"minecraft:oak_planks":38,"minecraft:wooden_pickaxe":56,"minecraft:mossy_stone_brick_stairs":1,"minecraft:spruce_sign":1,"minecraft:composter":1,"minecraft:stonecutter":1,"minecraft:loom":1,"minecraft:crafting_table":6,"minecraft:white_bed":1,"minecraft:dripstone_block":15,"minecraft:shears":8,"minecraft:lightning_rod":10,"minecraft:oak_log":3,"croptopia:nectarine":1,"croptopia:yam":1,"minecraft:iron_pickaxe":485,"minecraft:acacia_door":1,"minecraft:bread":45,"minecraft:lectern":1,"minecraft:gravel":68,"minecraft:stone_axe":80,"minecraft:acacia_fence_gate":1,"minecraft:porkchop":3,"travelersbackpack:standard":2,"minecraft:cobblestone":41,"minecraft:grindstone":1,"minecraft:cooked_porkchop":23,"minecraft:bucket":61,"minecraft:bone_meal":41,"minecraft:cobweb":8},"minecraft:killed":{"minecraft:spider":2,"naturalist:boar":19,"minecraft:phantom":2,"minecraft:skeleton":2,"minecraft:zombie":10},"minecraft:mined":{"minecraft:cobblestone_stairs":1,"minecraft:spruce_trapdoor":1,"minecraft:glow_lichen":1,"minecraft:acacia_log":97,"minecraft:grass_block":46,"minecraft:acacia_slab":8,"minecraft:hay_block":8,"minecraft:carrots":10,"minecraft:iron_ore":93,"minecraft:barrel":3,"minecraft:fire":12,"minecraft:cobbled_deepslate":2,"minecraft:pumpkin":3,"minecraft:gold_block":1,"minecraft:mossy_stone_brick_stairs":2,"minecraft:pointed_dripstone":25,"minecraft:vine":43,"minecraft:cobblestone_slab":2,"amendments:wall_lantern":2,"minecraft:rail":2,"minecraft:stone":441,"minecraft:deepslate_redstone_ore":8,"minecraft:acacia_leaves":9,"minecraft:oxidized_cut_copper_stairs":1,"minecraft:oak_fence":1,"minecraft:crafting_table":1,"minecraft:torch":2,"minecraft:emerald_ore":3,"minecraft:chest":1,"minecraft:campfire":3,"minecraft:stone_slab":2,"minecraft:spruce_wall_sign":1,"minecraft:copper_ore":42,"minecraft:tall_grass":21,"minecraft:cobblestone":28,"farmersdelight:wild_tomatoes":1,"minecraft:deepslate_gold_ore":1,"minecraft:oak_planks":57,"minecraft:wall_torch":1,"croptopia:nectarine_crop":4,"croptopia:zucchini_crop":1,"minecraft:lilac":1,"minecraft:wheat":109,"minecraft:mud":11,"farmersdelight:cutting_board":1,"minecraft:grass":731,"minecraft:coal_ore":35,"minecraft:oak_log":115,"croptopia:salt_ore":1,"minecraft:gravel":102,"minecraft:sand":138,"minecraft:dripstone_block":27,"minecraft:dirt":101,"minecraft:cobweb":41,"minecraft:cracked_stone_bricks":3,"minecraft:stone_bricks":46,"minecraft:acacia_planks":23,"minecraft:gold_ore":1,"minecraft:mossy_stone_bricks":2,"minecraft:oak_leaves":40,"minecraft:deepslate":34},"minecraft:killed_by":{"minecraft:creeper":5,"minecraft:skeleton":3,"minecraft:phantom":2,"minecraft:zombie":2},"minecraft:crafted":{"minecraft:grindstone":1,"minecraft:oak_planks":52,"travelersbackpack:iron":1,"minecraft:fishing_rod":1,"minecraft:lightning_rod":10,"minecraft:furnace":4,"minecraft:acacia_fence_gate":1,"minecraft:loom":1,"minecraft:stone":295,"minecraft:bookshelf":1,"magistuarmory:hilt":1,"minecraft:glass":64,"travelersbackpack:white_sleeping_bag":1,"minecraft:bow":1,"minecraft:iron_boots":1,"minecraft:iron_axe":3,"minecraft:stone_pickaxe":3,"croptopia:flour":28,"minecraft:chest":2,"minecraft:acacia_fence":23,"minecraft:stone_hoe":1,"minecraft:stone_bricks":342,"minecraft:wheat":54,"minecraft:oak_slab":12,"minecraft:cooked_porkchop":36,"minecraft:crafting_table":5,"minecraft:acacia_slab":12,"travelersbackpack:backpack_tank":2,"travelersbackpack:standard":1,"minecraft:wooden_pickaxe":1,"minecraft:iron_helmet":1,"minecraft:copper_ingot":144,"minecraft:bucket":3,"minecraft:bread":28,"farmersdelight:cutting_board":1,"minecraft:shield":2,"minecraft:lectern":1,"minecraft:book":4,"minecraft:white_wool":6,"minecraft:iron_chestplate":1,"minecraft:paper":17,"minecraft:charcoal":32,"minecraft:gold_nugget":1,"minecraft:stick":136,"minecraft:stone_slab":6,"minecraft:iron_ingot":95,"minecraft:iron_pickaxe":3,"minecraft:iron_shovel":1,"minecraft:acacia_door":3,"minecraft:gold_ingot":11,"minecraft:stonecutter":1,"minecraft:white_bed":1,"croptopia:knife":1,"minecraft:composter":1,"minecraft:acacia_planks":216,"minecraft:torch":200,"minecraft:shears":1,"magistuarmory:leather_strip":6},"minecraft:dropped":{"farmersdelight:tomato_seeds":2,"minecraft:oak_log":1,"minecraft:dripstone_block":5,"minecraft:cracked_stone_bricks":2,"minecraft:dirt":8,"croptopia:zucchini_seed":1,"minecraft:mud":9,"minecraft:iron_pickaxe":1,"minecraft:acacia_planks":3,"minecraft:gravel":30,"minecraft:cobbled_deepslate":2,"minecraft:pointed_dripstone":51,"minecraft:oak_planks":2,"minecraft:spruce_trapdoor":2,"minecraft:acacia_slab":5,"minecraft:acacia_sapling":3,"minecraft:oak_sapling":5,"minecraft:stone_bricks":4,"minecraft:spider_eye":2,"minecraft:stripped_acacia_log":10,"minecraft:acacia_fence":7},"minecraft:broken":{"minecraft:stone_pickaxe":2,"minecraft:shield":1,"minecraft:iron_pickaxe":1,"minecraft:iron_helmet":1,"magistuarmory:rustednorman_helmet":1,"minecraft:stone_shovel":1}},"DataVersion":3465}