{"stats":{"minecraft:mined":{"minecraft:acacia_leaves":3,"minecraft:spruce_trapdoor":1,"minecraft:glow_lichen":1,"minecraft:torch":2,"minecraft:acacia_log":70,"minecraft:emerald_ore":2,"minecraft:grass_block":29,"minecraft:chest":1,"minecraft:campfire":3,"minecraft:tall_grass":21,"minecraft:cobblestone":10,"minecraft:acacia_slab":3,"farmersdelight:wild_tomatoes":1,"minecraft:hay_block":8,"croptopia:zucchini_crop":1,"minecraft:iron_ore":90,"minecraft:carrots":4,"minecraft:barrel":3,"minecraft:mud":2,"minecraft:fire":7,"minecraft:wheat":65,"minecraft:pumpkin":3,"minecraft:grass":617,"minecraft:coal_ore":18,"amendments:wall_lantern":2,"minecraft:gravel":78,"minecraft:dirt":64,"minecraft:stone":264,"minecraft:acacia_planks":8,"minecraft:stone_bricks":39,"minecraft:oak_leaves":1},"minecraft:dropped":{"minecraft:acacia_sapling":3,"minecraft:oak_sapling":5},"minecraft:used":{"minecraft:wheat_seeds":218,"minecraft:water_bucket":20,"minecraft:iron_shovel":39,"minecraft:acacia_log":6,"minecraft:flint_and_steel":19,"minecraft:stone_shovel":11,"minecraft:stone_pickaxe":353,"minecraft:ladder":5,"minecraft:oak_planks":2,"minecraft:chest":3,"minecraft:wooden_pickaxe":56,"minecraft:shield":14,"minecraft:composter":1,"minecraft:stonecutter":1,"minecraft:stone_hoe":136,"minecraft:rotten_flesh":2,"minecraft:torch":25,"minecraft:dirt":150,"minecraft:wheat":27,"minecraft:crafting_table":3,"minecraft:carrot":7,"minecraft:acacia_slab":8,"minecraft:lantern":3,"croptopia:yam":1,"minecraft:lava_bucket":18,"minecraft:iron_axe":70,"minecraft:bread":30,"minecraft:iron_pickaxe":115,"minecraft:iron_boots":1,"minecraft:gravel":68,"minecraft:stone_bricks":93,"minecraft:acacia_fence_gate":1,"minecraft:stone_axe":80,"minecraft:cobblestone":26,"minecraft:grindstone":1,"minecraft:furnace":5,"minecraft:cooked_porkchop":1,"minecraft:acacia_fence":17,"minecraft:bucket":48,"minecraft:acacia_planks":19,"minecraft:bone_meal":7},"minecraft:custom":{"minecraft:interact_with_furnace":98,"minecraft:mob_kills":8,"minecraft:animals_bred":4,"minecraft:interact_with_crafting_table":61,"minecraft:open_barrel":2,"minecraft:interact_with_stonecutter":4,"minecraft:interact_with_grindstone":3,"minecraft:leave_game":16,"minecraft:time_since_death":152389,"minecraft:climb_one_cm":7076,"minecraft:time_since_rest":152423,"minecraft:sprint_one_cm":171262,"minecraft:damage_taken":2383,"minecraft:walk_one_cm":994303,"minecraft:damage_blocked_by_shield":1034,"minecraft:drop":2,"minecraft:damage_dealt":1561,"minecraft:fly_one_cm":77082,"minecraft:open_chest":95,"minecraft:crouch_one_cm":291,"minecraft:play_time":354315,"minecraft:deaths":5,"minecraft:sneak_time":297,"minecraft:walk_under_water_one_cm":5029,"minecraft:jump":3562,"minecraft:walk_on_water_one_cm":19750,"minecraft:total_world_time":354315,"minecraft:fall_one_cm":33065},"minecraft:killed":{"minecraft:spider":2,"naturalist:boar":1,"minecraft:skeleton":1,"minecraft:zombie":3},"minecraft:crafted":{"minecraft:grindstone":1,"minecraft:cooked_porkchop":1,"minecraft:crafting_table":3,"minecraft:acacia_slab":12,"minecraft:wooden_pickaxe":1,"minecraft:furnace":3,"minecraft:acacia_fence_gate":1,"minecraft:stone":132,"minecraft:bucket":3,"minecraft:bread":28,"minecraft:bow":1,"minecraft:iron_boots":1,"minecraft:charcoal":17,"minecraft:iron_axe":1,"minecraft:stick":56,"minecraft:stone_slab":6,"minecraft:iron_ingot":95,"minecraft:iron_pickaxe":1,"minecraft:stone_pickaxe":2,"minecraft:chest":1,"minecraft:iron_shovel":1,"minecraft:stonecutter":1,"minecraft:acacia_fence":23,"minecraft:composter":1,"minecraft:acacia_planks":116,"minecraft:torch":16,"minecraft:stone_hoe":1,"minecraft:stone_bricks":170,"minecraft:shears":1,"minecraft:wheat":54},"minecraft:killed_by":{"minecraft:skeleton":1,"minecraft:creeper":3,"minecraft:zombie":1},"minecraft:picked_up":{"minecraft:mud":2,"minecraft:charcoal":19,"croptopia:zucchini":1,"minecraft:wheat":57,"minecraft:ladder":6,"minecraft:leather":1,"minecraft:potato":8,"minecraft:flint":5,"minecraft:dirt":165,"minecraft:string":3,"minecraft:lantern":5,"minecraft:acacia_planks":8,"minecraft:apple":4,"minecraft:stone_bricks":144,"minecraft:sea_pickle":3,"minecraft:wheat_seeds":237,"minecraft:gold_nugget":2,"minecraft:iron_ingot":13,"minecraft:chest":2,"minecraft:acacia_sapling":12,"minecraft:spruce_trapdoor":1,"minecraft:furnace":2,"minecraft:raw_iron":90,"minecraft:stone":76,"minecraft:pumpkin":3,"minecraft:torch":6,"minecraft:acacia_log":67,"minecraft:gravel":73,"minecraft:lava_bucket":3,"minecraft:porkchop":1,"farmersdelight:tomato_seeds":1,"minecraft:carrot":16,"minecraft:spider_eye":1,"minecraft:barrel":3,"minecraft:arrow":1,"minecraft:rotten_flesh":10,"magistuarmory:rusted_bastardsword":1,"minecraft:shears":1,"minecraft:hay_block":8,"minecraft:bone_meal":7,"minecraft:spruce_sign":1,"minecraft:bread":5,"minecraft:emerald":5,"minecraft:oak_sapling":11,"minecraft:acacia_slab":6,"croptopia:zucchini_seed":1,"minecraft:coal":18,"minecraft:cobblestone":257},"minecraft:broken":{"minecraft:stone_pickaxe":2,"minecraft:stone_shovel":1}},"DataVersion":3465}