{"stats":{"minecraft:crafted":{"minecraft:grindstone":1,"minecraft:oak_planks":56,"travelersbackpack:iron":1,"minecraft:lightning_rod":10,"minecraft:loom":1,"minecraft:stone":295,"minecraft:bookshelf":1,"minecraft:glass":64,"minecraft:bow":1,"minecraft:iron_boots":1,"croptopia:flour":28,"minecraft:chest":2,"minecraft:acacia_fence":23,"minecraft:stone_hoe":1,"minecraft:stone_bricks":342,"minecraft:oak_slab":12,"minecraft:cooked_porkchop":36,"minecraft:crafting_table":5,"minecraft:acacia_slab":12,"minecraft:wooden_pickaxe":1,"minecraft:iron_helmet":1,"travelersbackpack:standard":1,"minecraft:copper_ingot":144,"farmersdelight:cutting_board":1,"minecraft:lectern":1,"minecraft:charcoal":32,"minecraft:iron_chestplate":1,"minecraft:book":4,"minecraft:paper":38,"minecraft:shield":2,"minecraft:stone_slab":6,"minecraft:stick":144,"minecraft:iron_ingot":95,"minecraft:iron_pickaxe":3,"minecraft:acacia_door":3,"minecraft:gold_ingot":11,"croptopia:knife":1,"minecraft:composter":1,"minecraft:shears":1,"magistuarmory:leather_strip":6,"minecraft:fishing_rod":1,"minecraft:furnace":4,"minecraft:acacia_fence_gate":1,"magistuarmory:hilt":1,"travelersbackpack:white_sleeping_bag":1,"minecraft:iron_axe":4,"minecraft:iron_hoe":1,"minecraft:stone_pickaxe":3,"minecraft:wheat":54,"travelersbackpack:backpack_tank":2,"minecraft:bucket":3,"minecraft:bread":28,"minecraft:white_wool":6,"minecraft:gold_nugget":1,"minecraft:iron_shovel":1,"minecraft:stonecutter":1,"minecraft:white_bed":1,"minecraft:acacia_planks":216,"minecraft:torch":200},"minecraft:mined":{"minecraft:white_bed":1,"minecraft:cobblestone_stairs":1,"minecraft:spruce_trapdoor":1,"minecraft:acacia_log":97,"minecraft:grass_block":53,"minecraft:cobbled_deepslate":2,"minecraft:iron_ore":93,"minecraft:fire":12,"minecraft:barrel":3,"minecraft:pumpkin":3,"minecraft:pointed_dripstone":25,"amendments:wall_lantern":2,"minecraft:deepslate_redstone_ore":8,"minecraft:oxidized_cut_copper_stairs":1,"minecraft:torch":2,"minecraft:chest":1,"minecraft:spruce_wall_sign":1,"minecraft:cobblestone":28,"minecraft:oak_planks":57,"minecraft:wall_torch":1,"croptopia:nectarine_crop":4,"croptopia:zucchini_crop":1,"minecraft:mud":11,"farmersdelight:cutting_board":1,"minecraft:wheat":109,"minecraft:lilac":1,"minecraft:grass":734,"minecraft:oak_log":115,"croptopia:salt_ore":1,"minecraft:sand":138,"minecraft:dirt":102,"minecraft:oak_leaves":49,"minecraft:deepslate":34,"minecraft:glow_lichen":1,"minecraft:acacia_slab":8,"minecraft:hay_block":8,"minecraft:carrots":10,"minecraft:gold_block":1,"minecraft:mossy_stone_brick_stairs":2,"minecraft:cobblestone_slab":2,"minecraft:vine":43,"minecraft:rail":2,"minecraft:stone":441,"minecraft:acacia_leaves":9,"minecraft:oak_fence":1,"minecraft:crafting_table":1,"minecraft:emerald_ore":3,"minecraft:campfire":3,"minecraft:stone_slab":2,"minecraft:tall_grass":21,"minecraft:copper_ore":42,"minecraft:deepslate_gold_ore":1,"farmersdelight:wild_tomatoes":1,"minecraft:birch_leaves":9,"minecraft:coal_ore":35,"minecraft:gravel":102,"minecraft:dripstone_block":27,"minecraft:cobweb":41,"minecraft:cracked_stone_bricks":3,"minecraft:acacia_planks":23,"minecraft:stone_bricks":46,"minecraft:mossy_stone_bricks":2,"minecraft:gold_ore":1},"minecraft:killed_by":{"minecraft:creeper":5,"minecraft:zombie":3,"minecraft:player":2,"minecraft:skeleton":3,"minecraft:phantom":2},"minecraft:killed":{"minecraft:spider":2,"naturalist:boar":19,"minecraft:skeleton":2,"minecraft:zombie":10,"minecraft:phantom":2},"minecraft:broken":{"minecraft:stone_pickaxe":2,"minecraft:stone_shovel":1,"minecraft:shield":1,"minecraft:iron_pickaxe":1,"minecraft:iron_helmet":1,"magistuarmory:rustednorman_helmet":1},"minecraft:used":{"minecraft:iron_shovel":245,"minecraft:ladder":5,"minecraft:chest":4,"minecraft:shield":81,"minecraft:rotten_flesh":4,"minecraft:iron_chestplate":2,"minecraft:carrot":46,"travelersbackpack:iron":1,"minecraft:lava_bucket":18,"minecraft:lantern":3,"minecraft:iron_helmet":3,"minecraft:stone_bricks":168,"farmersdelight:cutting_board":2,"minecraft:bow":4,"minecraft:furnace":6,"magistuarmory:rusted_bastardsword":35,"minecraft:oxidized_cut_copper_stairs":1,"minecraft:acacia_fence":17,"minecraft:egg":1,"minecraft:potato":8,"minecraft:stone_pickaxe":386,"minecraft:oak_planks":38,"minecraft:wooden_pickaxe":56,"minecraft:mossy_stone_brick_stairs":1,"minecraft:composter":1,"minecraft:loom":1,"minecraft:dripstone_block":15,"minecraft:shears":8,"minecraft:lightning_rod":10,"croptopia:nectarine":1,"minecraft:acacia_door":1,"minecraft:bread":45,"minecraft:lectern":1,"minecraft:gravel":68,"minecraft:grindstone":1,"minecraft:bone_meal":41,"minecraft:cobweb":8,"minecraft:acacia_log":8,"minecraft:flint_and_steel":23,"minecraft:stone_shovel":11,"minecraft:stone_hoe":182,"minecraft:torch":202,"minecraft:dirt":204,"minecraft:wheat":219,"minecraft:iron_hoe":27,"minecraft:iron_axe":475,"minecraft:acacia_slab":13,"minecraft:iron_boots":2,"minecraft:barrel":3,"minecraft:acacia_planks":39,"minecraft:cobbled_deepslate":7,"minecraft:iron_leggings":1,"minecraft:wheat_seeds":609,"minecraft:water_bucket":20,"minecraft:spruce_sign":1,"minecraft:stonecutter":1,"minecraft:crafting_table":6,"minecraft:white_bed":2,"minecraft:oak_log":4,"croptopia:yam":1,"minecraft:iron_pickaxe":485,"minecraft:acacia_fence_gate":1,"minecraft:stone_axe":80,"minecraft:cobblestone":41,"travelersbackpack:standard":2,"minecraft:cooked_porkchop":25,"minecraft:porkchop":3,"minecraft:bucket":61,"minecraft:stripped_oak_log":1},"minecraft:picked_up":{"minecraft:iron_chestplate":2,"croptopia:zucchini":2,"minecraft:wheat":312,"minecraft:stone_slab":12,"farmersdelight:cutting_board":1,"minecraft:string":45,"minecraft:raw_copper":144,"minecraft:iron_leggings":3,"minecraft:sea_pickle":18,"minecraft:cobbled_deepslate":11,"minecraft:red_sand":47,"minecraft:gold_nugget":8,"minecraft:bucket":1,"minecraft:iron_pickaxe":3,"minecraft:deepslate_iron_ore":1,"minecraft:iron_boots":2,"minecraft:furnace":2,"minecraft:stick":32,"minecraft:torch":93,"minecraft:acacia_log":94,"minecraft:porkchop":42,"minecraft:pointed_dripstone":53,"travelersbackpack:iron":2,"minecraft:rotten_flesh":30,"farmersdelight:tree_bark":116,"minecraft:cobblestone":454,"minecraft:lilac":3,"croptopia:nectarine":4,"croptopia:flour":15,"minecraft:potato":32,"minecraft:flint":20,"magistuarmory:hilt":2,"croptopia:cooked_calamari":8,"minecraft:dirt":318,"minecraft:lantern":7,"minecraft:glass":104,"minecraft:bone":52,"travelersbackpack:backpack_tank":2,"minecraft:acacia_planks":66,"minecraft:bow":1,"minecraft:wheat_seeds":917,"minecraft:raw_gold":2,"minecraft:powered_rail":1,"minecraft:oak_planks":75,"minecraft:mossy_stone_brick_stairs":2,"minecraft:cooked_porkchop":24,"minecraft:sand":265,"naturalist:boar_spawn_egg":6,"minecraft:barrel":6,"minecraft:stripped_acacia_log":20,"minecraft:deepslate":4,"magistuarmory:corruptedroundshield":3,"minecraft:bone_meal":41,"minecraft:golden_apple":3,"minecraft:spruce_sign":2,"minecraft:bread":11,"minecraft:emerald":18,"minecraft:oak_sapling":37,"croptopia:zucchini_seed":2,"minecraft:fishing_rod":1,"minecraft:mud":10,"minecraft:charcoal":53,"minecraft:crafting_table":1,"minecraft:ladder":6,"minecraft:wooden_pickaxe":2,"minecraft:gold_block":1,"minecraft:shield":2,"minecraft:iron_axe":2,"minecraft:flint_and_steel":3,"minecraft:iron_shovel":2,"minecraft:cracked_stone_bricks":2,"minecraft:iron_nugget":42,"minecraft:chest":3,"minecraft:spruce_trapdoor":2,"minecraft:phantom_membrane":6,"minecraft:egg":2,"minecraft:raw_iron":90,"minecraft:stone":76,"minecraft:copper_ingot":114,"minecraft:fire_charge":2,"farmersdelight:tomato_seeds":3,"croptopia:knife":1,"minecraft:carrot":136,"minecraft:redstone":93,"croptopia:yam_seed":1,"artifacts:cowboy_hat":1,"minecraft:arrow":69,"minecraft:golden_hoe":2,"minecraft:shears":4,"minecraft:hay_block":10,"magistuarmory:steel_zweihander":1,"minecraft:gold_ingot":19,"croptopia:salt":10,"minecraft:white_wool":1,"minecraft:stripped_oak_log":171,"minecraft:oxidized_cut_copper_stairs":1,"minecraft:leather":17,"minecraft:oak_log":181,"minecraft:gunpowder":9,"minecraft:apple":22,"minecraft:stone_bricks":339,"minecraft:stone_pickaxe":2,"minecraft:iron_ingot":113,"minecraft:cobweb":8,"minecraft:acacia_sapling":16,"minecraft:oak_slab":8,"minecraft:pumpkin":9,"minecraft:dripstone_block":34,"minecraft:gravel":103,"minecraft:lava_bucket":7,"magistuarmory:rustednorman_helmet":2,"minecraft:white_bed":1,"minecraft:spider_eye":3,"magistuarmory:rusted_bastardsword":4,"minecraft:iron_helmet":2,"minecraft:lodestone":2,"minecraft:acacia_slab":13,"minecraft:coal":68},"minecraft:dropped":{"minecraft:oak_log":1,"minecraft:cracked_stone_bricks":2,"minecraft:dirt":8,"minecraft:iron_pickaxe":1,"minecraft:gravel":30,"minecraft:cobbled_deepslate":2,"minecraft:pointed_dripstone":51,"minecraft:oak_planks":18,"minecraft:carrot":1,"minecraft:acacia_slab":5,"minecraft:acacia_sapling":3,"minecraft:arrow":2,"minecraft:acacia_fence":7,"farmersdelight:tomato_seeds":2,"minecraft:oak_slab":8,"minecraft:lilac":1,"minecraft:dripstone_block":5,"minecraft:stick":2,"croptopia:zucchini_seed":1,"minecraft:iron_leggings":1,"minecraft:mud":9,"minecraft:acacia_planks":3,"magistuarmory:hilt":2,"minecraft:sea_pickle":6,"minecraft:spruce_trapdoor":2,"minecraft:oak_sapling":8,"minecraft:stone_bricks":4,"minecraft:spider_eye":2,"minecraft:stripped_acacia_log":10},"minecraft:custom":{"minecraft:animals_bred":28,"minecraft:interact_with_crafting_table":161,"minecraft:open_barrel":64,"minecraft:leave_game":61,"minecraft:time_since_death":9974,"minecraft:sprint_one_cm":941586,"minecraft:damage_blocked_by_shield":4552,"minecraft:drop":48,"minecraft:talked_to_villager":2,"minecraft:play_time":892547,"minecraft:deaths":15,"minecraft:jump":8674,"minecraft:walk_on_water_one_cm":33140,"minecraft:interact_with_furnace":180,"minecraft:interact_with_loom":5,"minecraft:sleep_in_bed":1,"minecraft:damage_dealt":7742,"minecraft:crouch_one_cm":2886,"minecraft:mob_kills":37,"minecraft:interact_with_anvil":3,"minecraft:climb_one_cm":48118,"minecraft:walk_one_cm":2322485,"minecraft:sneak_time":1985,"minecraft:walk_under_water_one_cm":5765,"minecraft:total_world_time":892547,"minecraft:interact_with_grindstone":29,"minecraft:interact_with_stonecutter":9,"minecraft:time_since_rest":10011,"minecraft:damage_taken":7950,"minecraft:fly_one_cm":313259,"minecraft:open_chest":220,"minecraft:fall_one_cm":100594}},"DataVersion":3465}