{"stats":{"minecraft:dropped":{"minecraft:acacia_sapling":3,"minecraft:oak_sapling":5},"minecraft:killed":{"minecraft:spider":2,"naturalist:boar":1,"minecraft:skeleton":1,"minecraft:zombie":3},"minecraft:broken":{"minecraft:stone_pickaxe":2,"minecraft:stone_shovel":1},"minecraft:mined":{"minecraft:acacia_leaves":1,"minecraft:spruce_trapdoor":1,"minecraft:torch":2,"minecraft:acacia_log":35,"minecraft:emerald_ore":2,"minecraft:grass_block":17,"minecraft:chest":1,"minecraft:campfire":3,"minecraft:tall_grass":18,"minecraft:cobblestone":1,"farmersdelight:wild_tomatoes":1,"minecraft:hay_block":8,"croptopia:zucchini_crop":1,"minecraft:iron_ore":90,"minecraft:mud":1,"minecraft:wheat":25,"minecraft:fire":7,"minecraft:barrel":3,"minecraft:pumpkin":3,"minecraft:grass":256,"minecraft:coal_ore":18,"amendments:wall_lantern":2,"minecraft:gravel":78,"minecraft:dirt":51,"minecraft:stone":238,"minecraft:stone_bricks":39,"minecraft:oak_leaves":1},"minecraft:custom":{"minecraft:interact_with_furnace":84,"minecraft:mob_kills":7,"minecraft:interact_with_crafting_table":38,"minecraft:open_barrel":2,"minecraft:leave_game":5,"minecraft:time_since_death":28604,"minecraft:climb_one_cm":7076,"minecraft:time_since_rest":28638,"minecraft:sprint_one_cm":156413,"minecraft:damage_taken":2197,"minecraft:walk_one_cm":661928,"minecraft:damage_blocked_by_shield":927,"minecraft:drop":2,"minecraft:damage_dealt":1393,"minecraft:fly_one_cm":68357,"minecraft:open_chest":60,"minecraft:crouch_one_cm":265,"minecraft:play_time":230530,"minecraft:deaths":5,"minecraft:sneak_time":40,"minecraft:walk_under_water_one_cm":1261,"minecraft:jump":2623,"minecraft:walk_on_water_one_cm":10859,"minecraft:total_world_time":230530,"minecraft:fall_one_cm":26362},"minecraft:killed_by":{"minecraft:skeleton":1,"minecraft:creeper":3,"minecraft:zombie":1},"minecraft:crafted":{"minecraft:cooked_porkchop":1,"minecraft:crafting_table":3,"minecraft:wooden_pickaxe":1,"minecraft:furnace":3,"minecraft:stone":113,"minecraft:bucket":3,"minecraft:bread":18,"minecraft:charcoal":17,"minecraft:bow":1,"minecraft:iron_boots":1,"minecraft:iron_axe":1,"minecraft:stick":32,"minecraft:iron_ingot":95,"minecraft:iron_pickaxe":1,"minecraft:stone_pickaxe":2,"minecraft:chest":1,"minecraft:iron_shovel":1,"minecraft:acacia_planks":64,"minecraft:torch":16,"minecraft:stone_hoe":1,"minecraft:stone_bricks":170,"minecraft:shears":1,"minecraft:wheat":54},"minecraft:used":{"minecraft:wheat_seeds":51,"minecraft:water_bucket":20,"minecraft:iron_shovel":15,"minecraft:flint_and_steel":19,"minecraft:stone_shovel":11,"minecraft:stone_pickaxe":353,"minecraft:ladder":5,"minecraft:oak_planks":2,"minecraft:chest":3,"minecraft:wooden_pickaxe":56,"minecraft:shield":13,"minecraft:stone_hoe":104,"minecraft:rotten_flesh":1,"minecraft:torch":17,"minecraft:dirt":125,"minecraft:crafting_table":3,"croptopia:yam":1,"minecraft:lava_bucket":18,"minecraft:lantern":3,"minecraft:iron_axe":17,"minecraft:bread":21,"minecraft:iron_pickaxe":78,"minecraft:iron_boots":1,"minecraft:gravel":68,"minecraft:stone_bricks":92,"minecraft:stone_axe":80,"minecraft:furnace":5,"minecraft:bucket":46,"minecraft:acacia_planks":11},"minecraft:picked_up":{"minecraft:mud":1,"minecraft:charcoal":19,"croptopia:zucchini":1,"minecraft:wheat":25,"minecraft:ladder":6,"minecraft:leather":1,"minecraft:potato":8,"minecraft:flint":5,"minecraft:dirt":140,"minecraft:string":3,"minecraft:lantern":5,"minecraft:apple":4,"minecraft:stone_bricks":144,"minecraft:sea_pickle":3,"minecraft:wheat_seeds":101,"minecraft:gold_nugget":2,"minecraft:iron_ingot":13,"minecraft:chest":2,"minecraft:acacia_sapling":10,"minecraft:spruce_trapdoor":1,"minecraft:furnace":2,"minecraft:raw_iron":90,"minecraft:stone":76,"minecraft:pumpkin":3,"minecraft:torch":6,"minecraft:acacia_log":33,"minecraft:porkchop":1,"minecraft:gravel":73,"minecraft:lava_bucket":3,"farmersdelight:tomato_seeds":1,"minecraft:carrot":1,"minecraft:spider_eye":1,"minecraft:barrel":3,"minecraft:arrow":1,"minecraft:rotten_flesh":8,"magistuarmory:rusted_bastardsword":1,"minecraft:shears":1,"minecraft:hay_block":8,"minecraft:bread":5,"minecraft:spruce_sign":1,"minecraft:emerald":5,"minecraft:oak_sapling":11,"croptopia:zucchini_seed":1,"minecraft:coal":18,"minecraft:cobblestone":231}},"DataVersion":3465}