{"stats":{"minecraft:killed_by":{"minecraft:creeper":3,"minecraft:skeleton":1,"minecraft:zombie":1},"minecraft:crafted":{"minecraft:grindstone":1,"minecraft:oak_planks":20,"minecraft:furnace":3,"minecraft:acacia_fence_gate":1,"minecraft:stone":132,"minecraft:iron_boots":1,"minecraft:bow":1,"minecraft:iron_axe":1,"minecraft:stone_pickaxe":2,"minecraft:chest":1,"minecraft:acacia_fence":23,"minecraft:stone_hoe":1,"minecraft:stone_bricks":170,"minecraft:wheat":54,"minecraft:cooked_porkchop":16,"minecraft:crafting_table":3,"minecraft:acacia_slab":12,"minecraft:wooden_pickaxe":1,"minecraft:bucket":3,"minecraft:bread":28,"minecraft:charcoal":32,"minecraft:shield":1,"minecraft:stick":56,"minecraft:stone_slab":6,"minecraft:iron_ingot":95,"minecraft:iron_pickaxe":1,"minecraft:iron_shovel":1,"minecraft:gold_ingot":9,"minecraft:stonecutter":1,"minecraft:composter":1,"minecraft:acacia_planks":116,"minecraft:torch":16,"minecraft:shears":1},"minecraft:broken":{"minecraft:stone_pickaxe":2,"minecraft:stone_shovel":1},"minecraft:killed":{"minecraft:spider":2,"naturalist:boar":10,"minecraft:phantom":2,"minecraft:skeleton":1,"minecraft:zombie":4},"minecraft:dropped":{"minecraft:mud":8,"minecraft:acacia_planks":3,"minecraft:acacia_slab":5,"minecraft:oak_sapling":5,"minecraft:acacia_sapling":3,"minecraft:acacia_fence":7},"minecraft:custom":{"minecraft:mob_kills":20,"minecraft:animals_bred":13,"minecraft:interact_with_crafting_table":74,"minecraft:open_barrel":2,"minecraft:leave_game":17,"minecraft:time_since_death":284054,"minecraft:climb_one_cm":7076,"minecraft:sprint_one_cm":312622,"minecraft:walk_one_cm":1348852,"minecraft:damage_blocked_by_shield":1199,"minecraft:drop":6,"minecraft:talked_to_villager":1,"minecraft:play_time":485980,"minecraft:deaths":5,"minecraft:sneak_time":484,"minecraft:walk_under_water_one_cm":5094,"minecraft:jump":4868,"minecraft:walk_on_water_one_cm":22124,"minecraft:total_world_time":485980,"minecraft:interact_with_furnace":121,"minecraft:interact_with_grindstone":11,"minecraft:interact_with_stonecutter":4,"minecraft:time_since_rest":284088,"minecraft:damage_taken":2877,"minecraft:damage_dealt":3809,"minecraft:fly_one_cm":116124,"minecraft:open_chest":141,"minecraft:crouch_one_cm":334,"minecraft:fall_one_cm":44132},"minecraft:used":{"minecraft:acacia_log":7,"minecraft:iron_shovel":70,"minecraft:flint_and_steel":19,"minecraft:stone_shovel":11,"minecraft:ladder":5,"minecraft:chest":3,"minecraft:shield":19,"minecraft:stone_hoe":182,"minecraft:rotten_flesh":2,"minecraft:torch":25,"minecraft:dirt":172,"minecraft:wheat":81,"minecraft:carrot":19,"minecraft:lava_bucket":18,"minecraft:lantern":3,"minecraft:iron_axe":135,"minecraft:acacia_slab":13,"minecraft:iron_boots":1,"minecraft:stone_bricks":93,"minecraft:furnace":5,"minecraft:acacia_fence":17,"minecraft:acacia_planks":33,"minecraft:wheat_seeds":550,"minecraft:water_bucket":20,"minecraft:stone_pickaxe":353,"minecraft:oak_planks":11,"minecraft:wooden_pickaxe":56,"minecraft:mossy_stone_brick_stairs":1,"minecraft:composter":1,"minecraft:stonecutter":1,"minecraft:crafting_table":3,"croptopia:nectarine":1,"croptopia:yam":1,"minecraft:bread":36,"minecraft:iron_pickaxe":137,"minecraft:gravel":68,"minecraft:acacia_fence_gate":1,"minecraft:stone_axe":80,"minecraft:cobblestone":26,"minecraft:cooked_porkchop":7,"minecraft:grindstone":1,"minecraft:bucket":52,"minecraft:bone_meal":15},"minecraft:picked_up":{"minecraft:charcoal":19,"minecraft:mud":9,"croptopia:zucchini":1,"minecraft:wheat":216,"minecraft:ladder":6,"minecraft:gold_block":1,"minecraft:string":3,"minecraft:sea_pickle":3,"minecraft:gold_nugget":2,"minecraft:chest":2,"minecraft:spruce_trapdoor":1,"minecraft:phantom_membrane":2,"minecraft:furnace":2,"minecraft:raw_iron":90,"minecraft:stone":76,"minecraft:torch":6,"minecraft:acacia_log":68,"minecraft:porkchop":20,"farmersdelight:tomato_seeds":1,"minecraft:carrot":49,"minecraft:arrow":2,"minecraft:rotten_flesh":13,"minecraft:shears":1,"minecraft:hay_block":8,"minecraft:cobblestone":261,"minecraft:oxidized_cut_copper_stairs":1,"croptopia:nectarine":4,"minecraft:leather":6,"minecraft:potato":8,"minecraft:flint":5,"minecraft:oak_log":5,"minecraft:dirt":190,"minecraft:lantern":5,"minecraft:acacia_planks":19,"minecraft:apple":4,"minecraft:stone_bricks":144,"minecraft:wheat_seeds":566,"minecraft:iron_ingot":13,"minecraft:oak_planks":9,"minecraft:acacia_sapling":12,"minecraft:mossy_stone_brick_stairs":2,"minecraft:pumpkin":3,"minecraft:lava_bucket":3,"minecraft:gravel":73,"minecraft:barrel":3,"minecraft:spider_eye":1,"magistuarmory:rusted_bastardsword":1,"minecraft:bone_meal":25,"minecraft:golden_apple":1,"minecraft:emerald":6,"minecraft:spruce_sign":1,"minecraft:bread":5,"minecraft:oak_sapling":11,"minecraft:acacia_slab":13,"minecraft:coal":23,"croptopia:zucchini_seed":1},"minecraft:mined":{"minecraft:glow_lichen":1,"minecraft:spruce_trapdoor":1,"minecraft:acacia_log":71,"minecraft:grass_block":38,"minecraft:acacia_slab":8,"minecraft:hay_block":8,"minecraft:carrots":9,"minecraft:iron_ore":90,"minecraft:fire":7,"minecraft:barrel":3,"minecraft:pumpkin":3,"minecraft:gold_block":1,"minecraft:mossy_stone_brick_stairs":2,"amendments:wall_lantern":2,"minecraft:stone":268,"minecraft:acacia_leaves":8,"minecraft:oxidized_cut_copper_stairs":1,"minecraft:torch":2,"minecraft:emerald_ore":3,"minecraft:chest":1,"minecraft:campfire":3,"minecraft:cobblestone":10,"minecraft:tall_grass":21,"farmersdelight:wild_tomatoes":1,"minecraft:oak_planks":9,"croptopia:nectarine_crop":4,"croptopia:zucchini_crop":1,"minecraft:mud":11,"minecraft:wheat":109,"minecraft:grass":723,"minecraft:coal_ore":18,"minecraft:oak_log":5,"minecraft:gravel":78,"minecraft:dirt":84,"minecraft:acacia_planks":19,"minecraft:stone_bricks":39,"minecraft:oak_leaves":12}},"DataVersion":3465}