{"stats":{"minecraft:dropped":{"minecraft:acacia_sapling":3,"minecraft:oak_sapling":5},"minecraft:killed":{"minecraft:spider":2,"naturalist:boar":1,"minecraft:skeleton":1,"minecraft:zombie":3},"minecraft:broken":{"minecraft:stone_pickaxe":2,"minecraft:stone_shovel":1},"minecraft:mined":{"minecraft:acacia_leaves":3,"minecraft:spruce_trapdoor":1,"minecraft:glow_lichen":1,"minecraft:torch":2,"minecraft:acacia_log":69,"minecraft:emerald_ore":2,"minecraft:grass_block":17,"minecraft:chest":1,"minecraft:campfire":3,"minecraft:tall_grass":21,"minecraft:cobblestone":10,"minecraft:acacia_slab":1,"farmersdelight:wild_tomatoes":1,"minecraft:hay_block":8,"croptopia:zucchini_crop":1,"minecraft:iron_ore":90,"minecraft:carrots":2,"minecraft:barrel":3,"minecraft:mud":1,"minecraft:fire":7,"minecraft:wheat":55,"minecraft:pumpkin":3,"minecraft:grass":375,"minecraft:coal_ore":18,"amendments:wall_lantern":2,"minecraft:gravel":78,"minecraft:dirt":51,"minecraft:stone":264,"minecraft:acacia_planks":8,"minecraft:stone_bricks":39,"minecraft:oak_leaves":1},"minecraft:custom":{"minecraft:interact_with_furnace":98,"minecraft:mob_kills":8,"minecraft:animals_bred":2,"minecraft:interact_with_crafting_table":61,"minecraft:open_barrel":2,"minecraft:interact_with_stonecutter":4,"minecraft:interact_with_grindstone":3,"minecraft:leave_game":16,"minecraft:time_since_death":107616,"minecraft:climb_one_cm":7076,"minecraft:time_since_rest":107650,"minecraft:sprint_one_cm":170008,"minecraft:damage_taken":2383,"minecraft:walk_one_cm":909386,"minecraft:damage_blocked_by_shield":1034,"minecraft:drop":2,"minecraft:damage_dealt":1561,"minecraft:fly_one_cm":75515,"minecraft:open_chest":93,"minecraft:crouch_one_cm":291,"minecraft:play_time":309542,"minecraft:deaths":5,"minecraft:sneak_time":297,"minecraft:walk_under_water_one_cm":3796,"minecraft:jump":3344,"minecraft:walk_on_water_one_cm":16687,"minecraft:total_world_time":309542,"minecraft:fall_one_cm":31273},"minecraft:killed_by":{"minecraft:skeleton":1,"minecraft:creeper":3,"minecraft:zombie":1},"minecraft:crafted":{"minecraft:grindstone":1,"minecraft:cooked_porkchop":1,"minecraft:crafting_table":3,"minecraft:acacia_slab":12,"minecraft:wooden_pickaxe":1,"minecraft:furnace":3,"minecraft:acacia_fence_gate":1,"minecraft:stone":132,"minecraft:bucket":3,"minecraft:bread":28,"minecraft:bow":1,"minecraft:iron_boots":1,"minecraft:charcoal":17,"minecraft:iron_axe":1,"minecraft:stick":56,"minecraft:stone_slab":6,"minecraft:iron_ingot":95,"minecraft:iron_pickaxe":1,"minecraft:stone_pickaxe":2,"minecraft:chest":1,"minecraft:iron_shovel":1,"minecraft:stonecutter":1,"minecraft:acacia_fence":23,"minecraft:composter":1,"minecraft:acacia_planks":116,"minecraft:torch":16,"minecraft:stone_hoe":1,"minecraft:stone_bricks":170,"minecraft:shears":1,"minecraft:wheat":54},"minecraft:used":{"minecraft:wheat_seeds":160,"minecraft:water_bucket":20,"minecraft:iron_shovel":16,"minecraft:acacia_log":6,"minecraft:flint_and_steel":19,"minecraft:stone_shovel":11,"minecraft:stone_pickaxe":353,"minecraft:ladder":5,"minecraft:oak_planks":2,"minecraft:chest":3,"minecraft:wooden_pickaxe":56,"minecraft:shield":14,"minecraft:composter":1,"minecraft:stonecutter":1,"minecraft:stone_hoe":112,"minecraft:rotten_flesh":2,"minecraft:torch":24,"minecraft:dirt":125,"minecraft:wheat":20,"minecraft:crafting_table":3,"minecraft:carrot":4,"minecraft:acacia_slab":4,"minecraft:lantern":3,"croptopia:yam":1,"minecraft:lava_bucket":18,"minecraft:iron_axe":67,"minecraft:bread":30,"minecraft:iron_pickaxe":114,"minecraft:iron_boots":1,"minecraft:gravel":68,"minecraft:stone_bricks":93,"minecraft:acacia_fence_gate":1,"minecraft:stone_axe":80,"minecraft:cobblestone":26,"minecraft:grindstone":1,"minecraft:furnace":5,"minecraft:cooked_porkchop":1,"minecraft:acacia_fence":17,"minecraft:bucket":48,"minecraft:acacia_planks":19,"minecraft:bone_meal":5},"minecraft:picked_up":{"minecraft:mud":1,"minecraft:charcoal":19,"croptopia:zucchini":1,"minecraft:wheat":50,"minecraft:ladder":6,"minecraft:leather":1,"minecraft:potato":8,"minecraft:flint":5,"minecraft:dirt":140,"minecraft:string":3,"minecraft:lantern":5,"minecraft:acacia_planks":8,"minecraft:apple":4,"minecraft:stone_bricks":144,"minecraft:sea_pickle":3,"minecraft:wheat_seeds":189,"minecraft:gold_nugget":2,"minecraft:iron_ingot":13,"minecraft:chest":2,"minecraft:acacia_sapling":12,"minecraft:spruce_trapdoor":1,"minecraft:furnace":2,"minecraft:raw_iron":90,"minecraft:stone":76,"minecraft:pumpkin":3,"minecraft:torch":6,"minecraft:acacia_log":66,"minecraft:gravel":73,"minecraft:lava_bucket":3,"minecraft:porkchop":1,"farmersdelight:tomato_seeds":1,"minecraft:carrot":9,"minecraft:spider_eye":1,"minecraft:barrel":3,"minecraft:arrow":1,"minecraft:rotten_flesh":10,"magistuarmory:rusted_bastardsword":1,"minecraft:shears":1,"minecraft:hay_block":8,"minecraft:bone_meal":5,"minecraft:spruce_sign":1,"minecraft:bread":5,"minecraft:emerald":5,"minecraft:oak_sapling":11,"minecraft:acacia_slab":2,"croptopia:zucchini_seed":1,"minecraft:coal":18,"minecraft:cobblestone":257}},"DataVersion":3465}