{"stats":{"minecraft:killed_by":{"minecraft:player":2,"minecraft:skeleton":2,"minecraft:zombie":2,"naturalist:elephant":1},"minecraft:mined":{"croptopia:orange_crop":8,"minecraft:red_bed":1,"minecraft:crafting_table":1,"minecraft:red_sand":2,"minecraft:grass_block":3,"minecraft:chest":3,"minecraft:cactus":1,"minecraft:birch_log":6,"minecraft:wheat":1,"minecraft:grass":2,"minecraft:oak_log":42,"croptopia:apple_crop":5,"croptopia:saguaro_crop":1,"minecraft:oak_leaves":7},"minecraft:broken":{"magistuarmory:rustedchainmail_boots":1},"minecraft:custom":{"minecraft:interact_with_furnace":3,"minecraft:interact_with_crafting_table":1,"minecraft:open_barrel":7,"minecraft:leave_game":12,"minecraft:time_since_death":12623,"minecraft:sleep_in_bed":3,"minecraft:climb_one_cm":10522,"minecraft:time_since_rest":3121,"minecraft:sprint_one_cm":180796,"minecraft:damage_taken":2666,"minecraft:walk_one_cm":158661,"minecraft:drop":17,"minecraft:damage_dealt":567,"minecraft:swim_one_cm":50641,"minecraft:fly_one_cm":337184,"minecraft:open_chest":59,"minecraft:crouch_one_cm":760,"minecraft:play_time":69118,"minecraft:deaths":9,"minecraft:sneak_time":339,"minecraft:walk_under_water_one_cm":8284,"minecraft:jump":1483,"minecraft:interact_with_blast_furnace":7,"minecraft:walk_on_water_one_cm":3163,"minecraft:interact_with_smoker":3,"minecraft:total_world_time":69118,"minecraft:fall_one_cm":36743},"minecraft:dropped":{"minecraft:wheat_seeds":8,"croptopia:hops_seed":1,"minecraft:wheat":1,"minecraft:dirt":1,"minecraft:red_sand":2,"minecraft:bow":1,"magistuarmory:corruptedroundshield":1,"croptopia:hops":1,"minecraft:bone":4},"minecraft:used":{"magistuarmory:rustedchainmail_boots":1,"croptopia:saguaro":1,"minecraft:red_sand":8,"minecraft:oak_planks":3,"croptopia:popcorn":4,"minecraft:torch":1,"minecraft:dirt":2,"minecraft:red_bed":1,"minecraft:chainmail_chestplate":1,"minecraft:cobblestone_wall":6,"minecraft:carrot":3,"minecraft:acacia_sapling":2,"croptopia:orange":8,"minecraft:obsidian":1,"minecraft:brown_terracotta":8,"minecraft:cornflower":1,"minecraft:apple":5,"minecraft:bread":4,"minecraft:stone_slab":5,"croptopia:persimmon":2,"minecraft:birch_log":2,"minecraft:orange_terracotta":4},"minecraft:picked_up":{"minecraft:birch_log":6,"minecraft:crafting_table":1,"minecraft:wheat":1,"magistuarmory:rustedchainmail_boots":1,"artifacts:novelty_drinking_hat":7,"minecraft:stone_slab":5,"minecraft:oak_log":41,"minecraft:chainmail_chestplate":1,"minecraft:magenta_bed":2,"minecraft:cobblestone_wall":6,"croptopia:saguaro_seed":1,"minecraft:dirt":4,"minecraft:red_bed":1,"artifacts:power_glove":4,"minecraft:bone":4,"minecraft:apple":5,"minecraft:bow":1,"minecraft:wheat_seeds":8,"minecraft:red_sand":3,"croptopia:popcorn":4,"minecraft:chest":3,"minecraft:stick":6,"minecraft:copper_ingot":55,"minecraft:torch":1,"minecraft:bowl":5,"croptopia:hops":1,"minecraft:carrot":5,"minecraft:cactus":3,"croptopia:saguaro":1,"minecraft:arrow":2,"croptopia:hops_seed":1,"croptopia:persimmon":2,"croptopia:orange":8,"magistuarmory:corruptedroundshield":2,"minecraft:gold_ingot":23,"minecraft:emerald":11,"minecraft:oak_sapling":7,"minecraft:coal":94},"minecraft:crafted":{"minecraft:oak_planks":44}},"DataVersion":3465}