{"stats":{"minecraft:mined":{"minecraft:hay_block":7,"minecraft:acacia_leaves":5,"croptopia:zucchini_crop":1,"minecraft:iron_ore":5,"minecraft:barrel":2,"minecraft:pumpkin":1,"minecraft:crafting_table":1,"minecraft:grass":2,"croptopia:hops_crop":1,"minecraft:acacia_log":9,"croptopia:squash_crop":1,"minecraft:coal_ore":5,"minecraft:chest":4,"minecraft:campfire":1,"minecraft:stone":21,"minecraft:wall_torch":1,"minecraft:oak_leaves":2},"minecraft:picked_up":{"minecraft:charcoal":2,"minecraft:crafting_table":1,"minecraft:raw_iron":5,"croptopia:zucchini":1,"minecraft:pumpkin":1,"croptopia:starfruit":1,"minecraft:torch":1,"minecraft:acacia_log":9,"croptopia:hops":1,"minecraft:barrel":2,"minecraft:lantern":1,"croptopia:hops_seed":2,"minecraft:oak_sign":2,"croptopia:squash_seed":2,"minecraft:sea_pickle":1,"croptopia:squash":1,"minecraft:hay_block":7,"minecraft:brown_banner":2,"minecraft:chest":4,"minecraft:coal":5,"minecraft:acacia_sapling":2,"croptopia:zucchini_seed":2,"minecraft:cobblestone":21},"minecraft:dropped":{"minecraft:wooden_pickaxe":1},"minecraft:custom":{"minecraft:time_since_rest":10489,"minecraft:sprint_one_cm":20580,"minecraft:damage_taken":50,"minecraft:walk_one_cm":18050,"minecraft:drop":1,"minecraft:interact_with_crafting_table":4,"minecraft:fly_one_cm":13747,"minecraft:open_barrel":2,"minecraft:open_chest":5,"minecraft:crouch_one_cm":2635,"minecraft:play_time":10489,"minecraft:sneak_time":1028,"minecraft:jump":94,"minecraft:time_since_death":10489,"minecraft:total_world_time":10489,"minecraft:fall_one_cm":1698},"minecraft:used":{"minecraft:stone_pickaxe":18,"minecraft:bread":1,"minecraft:wooden_pickaxe":13,"minecraft:stone_axe":1,"minecraft:torch":1,"minecraft:crafting_table":1,"minecraft:sea_pickle":1},"minecraft:crafted":{"croptopia:zucchini_seed":1,"croptopia:hops_seed":1,"minecraft:crafting_table":1,"minecraft:stick":16,"minecraft:wooden_pickaxe":1,"minecraft:stone_pickaxe":1,"minecraft:stone_sword":1,"croptopia:squash_seed":1,"minecraft:acacia_planks":16,"minecraft:torch":20,"minecraft:stone_axe":1}},"DataVersion":3465}