{"stats":{"minecraft:mined":{"croptopia:cucumber_crop":1,"croptopia:starfruit_crop":2,"croptopia:pepper_crop":1,"minecraft:acacia_leaves":5,"croptopia:orange_crop":6,"croptopia:mustard_crop":1,"minecraft:crafting_table":1,"croptopia:lime_crop":7,"minecraft:acacia_log":9,"minecraft:grass_block":9,"minecraft:chest":4,"minecraft:campfire":1,"croptopia:olive_crop":1,"minecraft:wall_torch":1,"croptopia:leek_crop":1,"croptopia:ginger_crop":1,"croptopia:spinach_crop":1,"minecraft:hay_block":7,"croptopia:nectarine_crop":12,"croptopia:cherry_crop":5,"croptopia:zucchini_crop":2,"croptopia:cauliflower_crop":1,"croptopia:plum_crop":3,"minecraft:iron_ore":5,"minecraft:barrel":2,"croptopia:tomatillo_crop":1,"croptopia:pear_crop":6,"croptopia:blueberry_crop":1,"minecraft:pumpkin":1,"croptopia:squash_crop":1,"minecraft:grass":13,"croptopia:hops_crop":1,"minecraft:coal_ore":5,"croptopia:celery_crop":1,"croptopia:salt_ore":5,"croptopia:rutabaga_crop":1,"croptopia:elderberry_crop":1,"minecraft:stone":21,"minecraft:oak_leaves":38},"minecraft:picked_up":{"minecraft:charcoal":2,"minecraft:crafting_table":1,"croptopia:zucchini":2,"croptopia:nectarine":12,"croptopia:tomatillo_seed":2,"croptopia:spinach":1,"croptopia:leek":1,"croptopia:blueberry_seed":2,"croptopia:celery":1,"minecraft:dirt":9,"minecraft:lantern":1,"croptopia:olive":1,"minecraft:oak_sign":4,"croptopia:pear":6,"minecraft:apple":1,"minecraft:sea_pickle":1,"minecraft:wheat_seeds":1,"croptopia:squash":1,"croptopia:tomatillo":1,"croptopia:pepper_seed":2,"croptopia:blueberry":1,"croptopia:mustard_seed":1,"croptopia:elderberry_seed":1,"minecraft:chest":4,"croptopia:lime":6,"minecraft:acacia_sapling":2,"minecraft:egg":1,"croptopia:cauliflower_seed":1,"minecraft:raw_iron":5,"croptopia:cucumber":1,"croptopia:plum":3,"minecraft:pumpkin":1,"croptopia:ginger":1,"croptopia:starfruit":4,"croptopia:rutabaga":1,"croptopia:mustard":1,"minecraft:torch":2,"minecraft:acacia_log":9,"croptopia:cucumber_seed":2,"croptopia:hops":1,"croptopia:celery_seed":1,"croptopia:olive_seed":2,"croptopia:ginger_seed":1,"croptopia:rutabaga_seed":1,"minecraft:barrel":2,"croptopia:spinach_seed":2,"croptopia:cherry":5,"croptopia:hops_seed":2,"croptopia:squash_seed":2,"croptopia:leek_seed":1,"croptopia:orange":6,"minecraft:hay_block":7,"croptopia:pepper":1,"croptopia:salt":18,"croptopia:elderberry":1,"minecraft:oak_sapling":3,"minecraft:brown_banner":2,"croptopia:zucchini_seed":4,"minecraft:coal":5,"minecraft:cobblestone":21,"croptopia:cauliflower":1},"minecraft:dropped":{"minecraft:brown_banner":2,"minecraft:oak_sign":2,"minecraft:dirt":1,"minecraft:wooden_pickaxe":1,"minecraft:acacia_planks":1,"minecraft:egg":1},"minecraft:custom":{"minecraft:interact_with_furnace":2,"minecraft:interact_with_crafting_table":10,"minecraft:open_barrel":2,"minecraft:leave_game":1,"minecraft:time_since_death":4180,"minecraft:sleep_in_bed":1,"minecraft:time_since_rest":778,"minecraft:sprint_one_cm":100948,"minecraft:damage_taken":679,"minecraft:walk_one_cm":79020,"minecraft:drop":8,"minecraft:damage_dealt":8,"minecraft:swim_one_cm":14728,"minecraft:fly_one_cm":63223,"minecraft:open_chest":14,"minecraft:crouch_one_cm":4774,"minecraft:play_time":35710,"minecraft:deaths":1,"minecraft:sneak_time":1596,"minecraft:walk_under_water_one_cm":231,"minecraft:jump":415,"minecraft:walk_on_water_one_cm":2340,"minecraft:total_world_time":35710,"minecraft:fall_one_cm":15279},"minecraft:killed_by":{"minecraft:zombie":1},"minecraft:used":{"minecraft:water_bucket":2,"minecraft:stone_pickaxe":19,"minecraft:chest":4,"minecraft:wooden_pickaxe":13,"minecraft:stone_hoe":6,"minecraft:torch":2,"minecraft:crafting_table":2,"croptopia:nectarine":4,"minecraft:apple":4,"minecraft:bread":3,"minecraft:stone_axe":1,"minecraft:furnace":1,"minecraft:bucket":3,"minecraft:potato":6,"minecraft:sea_pickle":1},"minecraft:crafted":{"croptopia:zucchini_seed":2,"croptopia:hops_seed":1,"minecraft:crafting_table":1,"croptopia:pepper_seed":1,"croptopia:elderberry_seed":1,"minecraft:wooden_pickaxe":1,"minecraft:furnace":1,"croptopia:squash_seed":1,"croptopia:blueberry_seed":1,"minecraft:bucket":1,"croptopia:spinach_seed":1,"croptopia:celery_seed":1,"croptopia:leek_seed":1,"croptopia:ginger_seed":1,"minecraft:stone_axe":1,"minecraft:bread":21,"minecraft:air":0,"croptopia:cucumber_seed":1,"croptopia:cauliflower_seed":1,"minecraft:stick":16,"croptopia:mustard_seed":1,"minecraft:iron_ingot":5,"minecraft:stone_pickaxe":1,"minecraft:stone_sword":1,"croptopia:tomatillo_seed":1,"croptopia:olive_seed":1,"minecraft:acacia_planks":36,"minecraft:torch":20,"minecraft:stone_hoe":1,"croptopia:rutabaga_seed":1,"minecraft:wheat":63}},"DataVersion":3465}