{"stats":{"minecraft:dropped":{"minecraft:acacia_log":1},"minecraft:mined":{"minecraft:grass":1,"minecraft:acacia_log":11,"minecraft:dirt":1},"minecraft:custom":{"minecraft:jump":167,"minecraft:open_chest":1,"minecraft:time_since_rest":25694,"minecraft:leave_game":1,"minecraft:crouch_one_cm":63,"minecraft:sprint_one_cm":43782,"minecraft:play_time":25694,"minecraft:walk_on_water_one_cm":1090,"minecraft:time_since_death":25694,"minecraft:walk_one_cm":72159,"minecraft:sneak_time":7,"minecraft:climb_one_cm":2317,"minecraft:total_world_time":25694,"minecraft:walk_under_water_one_cm":560,"minecraft:drop":1,"minecraft:fall_one_cm":2531,"minecraft:fly_one_cm":19237},"minecraft:picked_up":{"minecraft:acacia_sapling":1,"minecraft:acacia_log":12,"minecraft:dirt":1}},"DataVersion":3465}